set FOREIGN_KEY_CHECKS = 0;
INSERT INTO hywtl_has_api.department (id, category, created_at, created_by, memo, name, deleted_at, deleted_by, seq, parent_id) VALUES (1, 'COMPANY', '2022-04-12 15:13:04.655439', 0, null, '한양풍동실험연구소', null, null, 1, null);
INSERT INTO hywtl_has_api.department (id, category, created_at, created_by, memo, name, deleted_at, deleted_by, seq, parent_id) VALUES (2, 'HQ', '2022-04-12 15:13:04.740280', 0, null, '기술본부', null, null, 1, 1);
INSERT INTO hywtl_has_api.department (id, category, created_at, created_by, memo, name, deleted_at, deleted_by, seq, parent_id) VALUES (3, 'TEAM', '2022-04-12 15:13:04.799615', 0, null, '기술팀', null, null, 1, 2);
INSERT INTO hywtl_has_api.department (id, category, created_at, created_by, memo, name, deleted_at, deleted_by, seq, parent_id) VALUES (4, 'TEAM', '2022-04-12 15:13:04.844448', 0, null, '영업팀', null, null, 2, 2);
INSERT INTO hywtl_has_api.department (id, category, created_at, created_by, memo, name, deleted_at, deleted_by, seq, parent_id) VALUES (5, 'TEAM', '2022-04-12 15:13:04.903988', 0, null, '모형팀', null, null, 3, 2);
INSERT INTO hywtl_has_api.department (id, category, created_at, created_by, memo, name, deleted_at, deleted_by, seq, parent_id) VALUES (6, 'PART', '2022-04-12 15:13:04.959709', 0, null, '기술부', null, null, 1, 3);
INSERT INTO hywtl_has_api.department (id, category, created_at, created_by, memo, name, deleted_at, deleted_by, seq, parent_id) VALUES (7, 'PART', '2022-04-12 15:13:05.009016', 0, null, '실험부', null, null, 2, 3);
INSERT INTO hywtl_has_api.department (id, category, created_at, created_by, memo, name, deleted_at, deleted_by, seq, parent_id) VALUES (8, 'PART', '2022-04-12 15:13:05.054741', 0, null, '편집부', null, null, 3, 3);
INSERT INTO hywtl_has_api.user_invitation (id, created_at, created_by, deleted_at, deleted_by, modified_at, modified_by, email, name, user_role, department_id) VALUES (1, '2022-04-13 10:42:47.046140', 0, '2022-04-13 10:43:09.705662', null, null, null, 'admin@test.com', 'admin', 0, 1);
INSERT INTO hywtl_has_api.user_invitation (id, created_at, created_by, deleted_at, deleted_by, modified_at, modified_by, email, name, user_role, department_id) VALUES (2, '2022-04-13 10:42:47.046140', 0, '2022-04-13 10:43:09.705662', null, null, null, 'user@test.com', 'user', 0, 2);
INSERT INTO hywtl_has_api.user_invitation (id, created_at, created_by, deleted_at, deleted_by, modified_at, modified_by, email, name, user_role, department_id) VALUES (3, '2022-05-12 12:10:42.064628', 1, '2022-05-12 12:11:03.000000', null, '2022-05-12 12:10:42.064628', 1, 'test@test.com', 'test', 1, 2);
INSERT INTO hywtl_has_api.user (id, created_at, created_by, deleted_at, deleted_by, modified_at, modified_by, email, locked_at, login_at, name, password, password_changed_at, user_role, username, department_id) VALUES (1, '2022-04-13 10:43:09.640141', 0, null, null, '2022-04-13 10:43:09.700159', 0, 'admin@test.com', null, null, '마스터', '$2a$10$0ATIxnSm9RIMhg7.q5mqWOBp45n48KUFMUzzXqqwGcc9LN/VgCEUa', '2022-04-13 10:43:09.700159', 'MASTER', 'admin', 1);
INSERT INTO hywtl_has_api.user (id, created_at, created_by, deleted_at, deleted_by, modified_at, modified_by, email, locked_at, login_at, name, password, password_changed_at, user_role, username, department_id) VALUES (2, '2022-04-13 10:43:09.640141', 0, null, null, '2022-04-13 10:43:09.700159', 0, 'user@test.com', null, null, '유저', '$2a$10$0ATIxnSm9RIMhg7.q5mqWOBp45n48KUFMUzzXqqwGcc9LN/VgCEUa', '2022-04-13 10:43:09.700159', 'NORMAL', 'user', 2);
INSERT INTO hywtl_has_api.user (id, created_at, created_by, deleted_at, deleted_by, modified_at, modified_by, email, locked_at, login_at, name, password, password_changed_at, user_role, username, department_id) VALUES (3, '2022-05-12 12:11:03.767944', null, null, null, '2022-05-12 12:11:03.767944', null, 'test@test.com', null, null, 'aas', '$2a$10$Eyzu6ADvAEWwXJYQBfyC6eP/7cdz6Fd4ulhlvyHQdY4lMjuu/nNk2', '2022-05-12 12:11:03.757347', 'ADMIN', 'test', 2);
INSERT INTO hywtl_has_api.personnel (id, address, birth_date, emergency_phone, eng_name, personal_email, phone, relationship, sex, hired_date, hired_type, recommender, created_at, created_by, image_id, user_id) VALUES (1, null, '1982-03-01', null, 'djemals', null, '01012341234', null, '남', '2020-01-01', '경력', null, '2022-04-22 12:34:14.005902', 0, null, 1);
INSERT INTO hywtl_has_api.personnel_academic_list (personnel_id, academy_name, degree, end_date, grade, major, start_date, state) VALUES (1, '한양대', null, '2016-04-01', null, '관리과', '2012-03-01', '졸업');
INSERT INTO hywtl_has_api.personnel_job (id, job_class, job_duty, job_position, job_title, job_type, department_id) VALUES (1, null, null, '최고', '최고관리자', '최고관리자', 1);
INSERT INTO hywtl_has_api.personnel_job_list (personnel_id, job_list_id) VALUES (1, 1);
INSERT INTO hywtl_has_api.personnel (id, address, birth_date, emergency_phone, eng_name, personal_email, phone, relationship, sex, hired_date, hired_type, recommender, created_at, created_by, image_id, user_id) VALUES (2, null, '1992-05-07', null, 'dbwj', null, '01045674567', null, '여', '2021-02-11', '신입', null, '2022-04-22 12:34:14.005902', 0, null, 2);
INSERT INTO hywtl_has_api.personnel_academic_list (personnel_id, academy_name, degree, end_date, grade, major, start_date, state) VALUES (2, '한양대', null, '2022-03-02', null, '유저과', '2018-02-05', '졸업');
INSERT INTO hywtl_has_api.personnel_job (id, job_class, job_duty, job_position, job_title, job_type, department_id) VALUES (2, null, null, '일반', '일반직', '일반유저', 1);
INSERT INTO hywtl_has_api.personnel_job_list (personnel_id, job_list_id) VALUES (2, 2);
INSERT INTO hywtl_has_api.project (id, created_at, created_by, deleted_at, deleted_by, modified_at, modified_by, basic__address, basic__alias, basic__base_count, basic__building_count, basic__client_email, basic__client_manager, basic__client_name, basic__client_phone, basic__code, basic__floor_count, basic__household_count, basic__is_client_lh, basic__lot_area, basic__modified_at, basic__name, basic__purpose1, basic__purpose2, basic__status, basic__total_area, estimate__figure_level, estimate__modified_at, estimate__received_date, estimate__report_level, estimate__test_level, order__amount, order__begin_date, order__close_date, order__is_on_going, order__modified_at, order__received_date, basic__project_manager_id, basic__sales_manager_id) VALUES (1, '2022-04-27 12:05:37.044207', 0, null, null, '2022-04-27 12:05:37.044207', 0, null, 'ssx', null, null, null, null, null, null, '123', null, null, null, null, '2022-04-27 12:05:37.028178', 'asdf', null, null, 'TEMPLATE', null, null, null, null, null, null, null, null, null, null, null, null,  2, 1);
INSERT INTO hywtl_has_api.project_review (id, created_at, created_by, deleted_at, deleted_by, modified_at, modified_by, code, land_figure_count, status, project_id, writer_id) VALUES (1, '2022-05-17 17:37:35.215375', 1, null, null, '2022-05-17 17:37:35.215375', 1, '반포 자이', null, 'DRAFT_CONFIRMED', 1, 1);
INSERT INTO hywtl_has_api.project_review_detail (id, created_at, created_by, deleted_at, deleted_by, modified_at, modified_by, area, base_count, building_name, floor_count, height, memo1, memo2, ratio) VALUES (1, '2022-05-17 17:37:35.231373', 1, null, null, '2022-05-17 17:37:35.231373', 1, 301, 2, '201호', 29, 81, null, null, 4.668762383404303);
INSERT INTO hywtl_has_api.project_review_detail_list (project_review_id, detail_list_id) VALUES (1, 1);
INSERT INTO hywtl_has_api.project_review_detail_special_wind_load_condition_list (project_review_detail_id, special_wind_load_condition_list) VALUES (1, '4');
INSERT INTO hywtl_has_api.project_review_detail_test_list (project_review_detail_id, test_list) VALUES (1, 'F');
INSERT INTO hywtl_has_api.project_review_detail_test_list (project_review_detail_id, test_list) VALUES (1, 'P');
INSERT INTO hywtl_has_api.test_service_detail_template (id, created_at, created_by, deleted_at, deleted_by, modified_at, modified_by, memo, seq, unit, unit_price) VALUES (1, '2022-05-20 16:43:43.944352', 1, null, null, null, 1, '글로벌 수준 ESDU 기반', 1, '단지', 25000000);
INSERT INTO hywtl_has_api.test_service_detail_template (id, created_at, created_by, deleted_at, deleted_by, modified_at, modified_by, memo, seq, unit, unit_price) VALUES (2, '2022-05-20 16:46:09.573678', 1, null, null, null, 1, '국토교통부 풍동실험 가이드라인', 1, '동', 7500000);
INSERT INTO hywtl_has_api.test_service_detail_template_title_list (test_service_detail_template_id, title_list) VALUES (1, '재현기간 별 기본풍속 평가');
INSERT INTO hywtl_has_api.test_service_detail_template_title_list (test_service_detail_template_id, title_list) VALUES (1, '대상부지 지표면조도구분 판정');
INSERT INTO hywtl_has_api.test_service_detail_template_title_list (test_service_detail_template_id, title_list) VALUES (1, '대지주변 건물모델링 및 모형제작');
INSERT INTO hywtl_has_api.test_service_detail_template_title_list (test_service_detail_template_id, title_list) VALUES (1, '풍동실험을 위한 맞춤형 자연기류 형성');
INSERT INTO hywtl_has_api.test_service_detail_template_title_list (test_service_detail_template_id, title_list) VALUES (2, '풍력실험을 위한 풍력 특수모형 제작');
INSERT INTO hywtl_has_api.test_service_detail_template_title_list (test_service_detail_template_id, title_list) VALUES (2, '풍력실험을 통한 풍하중 측정');
INSERT INTO hywtl_has_api.test_service_detail_template_title_list (test_service_detail_template_id, title_list) VALUES (2, '주골조설계용 풍응답 평가(재해석 2회)');
INSERT INTO hywtl_has_api.test_service_detail_template_title_list (test_service_detail_template_id, title_list) VALUES (2, '중간요약본 및 최종평가보고서');
INSERT INTO hywtl_has_api.test_service_template (id, created_at, created_by, deleted_at, deleted_by, modified_at, modified_by, seq, test_type, title) VALUES (1, '2022-05-20 16:43:43.918093', 1, null, null, null, 1, 1, '공통', '자연기류 형성');
INSERT INTO hywtl_has_api.test_service_template (id, created_at, created_by, deleted_at, deleted_by, modified_at, modified_by, seq, test_type, title) VALUES (2, '2022-05-20 16:46:09.571086', 1, null, null, null, 1, 2, 'F', '주골조설계용 풍하중');
INSERT INTO hywtl_has_api.test_service_template_detail_list (test_service_template_id, detail_list_id) VALUES (1, 1);
INSERT INTO hywtl_has_api.test_service_template_detail_list (test_service_template_id, detail_list_id) VALUES (2, 2);
set FOREIGN_KEY_CHECKS = 1;