set FOREIGN_KEY_CHECKS = 0;
INSERT INTO hywtl_has_api.business (id, created_at, created_by, deleted_at, deleted_by, modified_at, modified_by, address, ceo_name, name, note, office_phone, fax, registration_number) VALUES (1, '2022-08-17 11:21:23.077118', null, null, null, null, null, null, '이종원', '한양풍동실험연구소', '경기도 안산시 상록구 한양대학로55, 한양대학교 풍환경실험관 2층', '031-400-4095', '031-400-4864', '000-000-0000000');
INSERT INTO hywtl_has_api.business (id, created_at, created_by, deleted_at, deleted_by, modified_at, modified_by, address, ceo_name, name, note, office_phone, fax, registration_number) VALUES (2, '2022-08-17 11:22:32.466625', null, null, null, null, null, null, '정갑수', '정기업', null, '02-2222-2222', null, '222-222-1212123');
INSERT INTO hywtl_has_api.business (id, created_at, created_by, deleted_at, deleted_by, modified_at, modified_by, address, ceo_name, name, note, office_phone, fax, registration_number) VALUES (3, '2022-08-17 11:23:50.518280', null, null, null, null, null, null, '박갑수', '박기업', null, '02-3333-3333', null, '333-222-1212123');
INSERT INTO hywtl_has_api.business (id, created_at, created_by, deleted_at, deleted_by, modified_at, modified_by, address, ceo_name, name, note, office_phone, fax, registration_number) VALUES (4, '2022-08-17 11:21:23.077118', null, null, null, null, null, null, '김갑수', '김기업', null, '02-1111-1111', null, '111-222-1212123');
INSERT INTO hywtl_has_api.business_manager (id, created_at, created_by, deleted_at, deleted_by, modified_at, modified_by, email, job_title, mobile_phone, name, office_phone, status) VALUES (1, '2022-08-17 11:21:23.101241', null, null, null, null, null, null, '차장', null, '김을수', null, 'IN_OFFICE');
INSERT INTO hywtl_has_api.business_manager (id, created_at, created_by, deleted_at, deleted_by, modified_at, modified_by, email, job_title, mobile_phone, name, office_phone, status) VALUES (2, '2022-08-17 11:22:32.469267', null, null, null, null, null, null, '대리', null, '정을수', null, 'IN_OFFICE');
INSERT INTO hywtl_has_api.business_manager (id, created_at, created_by, deleted_at, deleted_by, modified_at, modified_by, email, job_title, mobile_phone, name, office_phone, status) VALUES (3, '2022-08-17 11:23:50.520355', null, null, null, null, null, null, '부장', null, '박을수', null, 'RESIGNATION');
INSERT INTO hywtl_has_api.business_manager (id, created_at, created_by, deleted_at, deleted_by, modified_at, modified_by, email, job_title, mobile_phone, name, office_phone, status) VALUES (4, '2022-08-17 11:23:50.522439', null, null, null, null, null, null, '사원', null, '박병수', null, 'IN_OFFICE');
INSERT INTO hywtl_has_api.business (id, created_at, created_by, deleted_at, deleted_by, modified_at, modified_by, address, ceo_name, name, note, office_phone, fax, registration_number) VALUES (5, '2022-08-17 11:21:23.077118', null, null, null, null, null, null, '사장5', '5기업', null, '02-0000-0005', null, '000-000-0000005');
INSERT INTO hywtl_has_api.business_manager (id, created_at, created_by, deleted_at, deleted_by, modified_at, modified_by, email, job_title, mobile_phone, name, office_phone, status) VALUES (5, '2022-08-17 11:21:23.101241', null, null, null, null, null, null, '대리', null, '5대리', null, 'IN_OFFICE');
INSERT INTO hywtl_has_api.business_manager_list (business_id, manager_list_id) VALUES (5, 5);
INSERT INTO hywtl_has_api.business (id, created_at, created_by, deleted_at, deleted_by, modified_at, modified_by, address, ceo_name, name, note, office_phone, fax, registration_number) VALUES (6, '2022-08-17 11:21:23.077118', null, null, null, null, null, null, '사장6', '6기업', null, '02-0000-0006', null, '000-000-0000006');
INSERT INTO hywtl_has_api.business_manager (id, created_at, created_by, deleted_at, deleted_by, modified_at, modified_by, email, job_title, mobile_phone, name, office_phone, status) VALUES (6, '2022-08-17 11:21:23.101241', null, null, null, null, null, null, '대리', null, '6대리', null, 'IN_OFFICE');
INSERT INTO hywtl_has_api.business_manager_list (business_id, manager_list_id) VALUES (6, 6);
INSERT INTO hywtl_has_api.business (id, created_at, created_by, deleted_at, deleted_by, modified_at, modified_by, address, ceo_name, name, note, office_phone, fax, registration_number) VALUES (7, '2022-08-17 11:21:23.077118', null, null, null, null, null, null, '사장7', '7기업', null, '02-0000-0007', null, '000-000-0000007');
INSERT INTO hywtl_has_api.business_manager (id, created_at, created_by, deleted_at, deleted_by, modified_at, modified_by, email, job_title, mobile_phone, name, office_phone, status) VALUES (7, '2022-08-17 11:21:23.101241', null, null, null, null, null, null, '대리', null, '7대리', null, 'IN_OFFICE');
INSERT INTO hywtl_has_api.business_manager_list (business_id, manager_list_id) VALUES (7, 7);
INSERT INTO hywtl_has_api.business (id, created_at, created_by, deleted_at, deleted_by, modified_at, modified_by, address, ceo_name, name, note, office_phone, fax, registration_number) VALUES (8, '2022-08-17 11:21:23.077118', null, null, null, null, null, null, '사장8', '8기업', null, '02-0000-0008', null, '000-000-0000008');
INSERT INTO hywtl_has_api.business_manager (id, created_at, created_by, deleted_at, deleted_by, modified_at, modified_by, email, job_title, mobile_phone, name, office_phone, status) VALUES (8, '2022-08-17 11:21:23.101241', null, null, null, null, null, null, '대리', null, '8대리', null, 'IN_OFFICE');
INSERT INTO hywtl_has_api.business_manager_list (business_id, manager_list_id) VALUES (8, 8);
INSERT INTO hywtl_has_api.business (id, created_at, created_by, deleted_at, deleted_by, modified_at, modified_by, address, ceo_name, name, note, office_phone, fax, registration_number) VALUES (9, '2022-08-17 11:21:23.077118', null, null, null, null, null, null, '사장9', '9기업', null, '02-0000-0009', null, '000-000-0000009');
INSERT INTO hywtl_has_api.business_manager (id, created_at, created_by, deleted_at, deleted_by, modified_at, modified_by, email, job_title, mobile_phone, name, office_phone, status) VALUES (9, '2022-08-17 11:21:23.101241', null, null, null, null, null, null, '대리', null, '9대리', null, 'IN_OFFICE');
INSERT INTO hywtl_has_api.business_manager_list (business_id, manager_list_id) VALUES (9, 9);
INSERT INTO hywtl_has_api.business (id, created_at, created_by, deleted_at, deleted_by, modified_at, modified_by, address, ceo_name, name, note, office_phone, fax, registration_number) VALUES (10, '2022-08-17 11:21:23.077118', null, null, null, null, null, null, '사장10', '10기업', null, '02-0000-0010', null, '000-000-0000010');
INSERT INTO hywtl_has_api.business_manager (id, created_at, created_by, deleted_at, deleted_by, modified_at, modified_by, email, job_title, mobile_phone, name, office_phone, status) VALUES (10, '2022-08-17 11:21:23.101241', null, null, null, null, null, null, '대리', null, '10대리', null, 'IN_OFFICE');
INSERT INTO hywtl_has_api.business_manager_list (business_id, manager_list_id) VALUES (10, 10);
INSERT INTO hywtl_has_api.business (id, created_at, created_by, deleted_at, deleted_by, modified_at, modified_by, address, ceo_name, name, note, office_phone, fax, registration_number) VALUES (11, '2022-08-17 11:21:23.077118', null, null, null, null, null, null, '사장11', '11기업', null, '02-0000-0011', null, '000-000-0000011');
INSERT INTO hywtl_has_api.business_manager (id, created_at, created_by, deleted_at, deleted_by, modified_at, modified_by, email, job_title, mobile_phone, name, office_phone, status) VALUES (11, '2022-08-17 11:21:23.101241', null, null, null, null, null, null, '대리', null, '11대리', null, 'IN_OFFICE');
INSERT INTO hywtl_has_api.business_manager_list (business_id, manager_list_id) VALUES (11, 11);
INSERT INTO hywtl_has_api.business (id, created_at, created_by, deleted_at, deleted_by, modified_at, modified_by, address, ceo_name, name, note, office_phone, fax, registration_number) VALUES (12, '2022-08-17 11:21:23.077118', null, null, null, null, null, null, '사장12', '12기업', null, '02-0000-0012', null, '000-000-0000012');
INSERT INTO hywtl_has_api.business_manager (id, created_at, created_by, deleted_at, deleted_by, modified_at, modified_by, email, job_title, mobile_phone, name, office_phone, status) VALUES (12, '2022-08-17 11:21:23.101241', null, null, null, null, null, null, '대리', null, '12대리', null, 'IN_OFFICE');
INSERT INTO hywtl_has_api.business_manager_list (business_id, manager_list_id) VALUES (12, 12);
INSERT INTO hywtl_has_api.business (id, created_at, created_by, deleted_at, deleted_by, modified_at, modified_by, address, ceo_name, name, note, office_phone, fax, registration_number) VALUES (13, '2022-08-17 11:21:23.077118', null, null, null, null, null, null, '사장13', '13기업', null, '02-0000-0013', null, '000-000-0000013');
INSERT INTO hywtl_has_api.business_manager (id, created_at, created_by, deleted_at, deleted_by, modified_at, modified_by, email, job_title, mobile_phone, name, office_phone, status) VALUES (13, '2022-08-17 11:21:23.101241', null, null, null, null, null, null, '대리', null, '13대리', null, 'IN_OFFICE');
INSERT INTO hywtl_has_api.business_manager_list (business_id, manager_list_id) VALUES (13, 13);
INSERT INTO hywtl_has_api.business (id, created_at, created_by, deleted_at, deleted_by, modified_at, modified_by, address, ceo_name, name, note, office_phone, fax, registration_number) VALUES (14, '2022-08-17 11:21:23.077118', null, null, null, null, null, null, '사장14', '14기업', null, '02-0000-0014', null, '000-000-0000014');
INSERT INTO hywtl_has_api.business_manager (id, created_at, created_by, deleted_at, deleted_by, modified_at, modified_by, email, job_title, mobile_phone, name, office_phone, status) VALUES (14, '2022-08-17 11:21:23.101241', null, null, null, null, null, null, '대리', null, '14대리', null, 'IN_OFFICE');
INSERT INTO hywtl_has_api.business_manager_list (business_id, manager_list_id) VALUES (14, 14);
INSERT INTO hywtl_has_api.business (id, created_at, created_by, deleted_at, deleted_by, modified_at, modified_by, address, ceo_name, name, note, office_phone, fax, registration_number) VALUES (15, '2022-08-17 11:21:23.077118', null, null, null, null, null, null, '사장15', '15기업', null, '02-0000-0015', null, '000-000-0000015');
INSERT INTO hywtl_has_api.business_manager (id, created_at, created_by, deleted_at, deleted_by, modified_at, modified_by, email, job_title, mobile_phone, name, office_phone, status) VALUES (15, '2022-08-17 11:21:23.101241', null, null, null, null, null, null, '대리', null, '15대리', null, 'IN_OFFICE');
INSERT INTO hywtl_has_api.business_manager_list (business_id, manager_list_id) VALUES (15, 15);
INSERT INTO hywtl_has_api.business (id, created_at, created_by, deleted_at, deleted_by, modified_at, modified_by, address, ceo_name, name, note, office_phone, fax, registration_number) VALUES (16, '2022-08-17 11:21:23.077118', null, null, null, null, null, null, '사장16', '16기업', null, '02-0000-0016', null, '000-000-0000016');
INSERT INTO hywtl_has_api.business_manager (id, created_at, created_by, deleted_at, deleted_by, modified_at, modified_by, email, job_title, mobile_phone, name, office_phone, status) VALUES (16, '2022-08-17 11:21:23.101241', null, null, null, null, null, null, '대리', null, '16대리', null, 'IN_OFFICE');
INSERT INTO hywtl_has_api.business_manager_list (business_id, manager_list_id) VALUES (16, 16);
INSERT INTO hywtl_has_api.business (id, created_at, created_by, deleted_at, deleted_by, modified_at, modified_by, address, ceo_name, name, note, office_phone, fax, registration_number) VALUES (17, '2022-08-17 11:21:23.077118', null, null, null, null, null, null, '사장17', '17기업', null, '02-0000-0017', null, '000-000-0000017');
INSERT INTO hywtl_has_api.business_manager (id, created_at, created_by, deleted_at, deleted_by, modified_at, modified_by, email, job_title, mobile_phone, name, office_phone, status) VALUES (17, '2022-08-17 11:21:23.101241', null, null, null, null, null, null, '대리', null, '17대리', null, 'IN_OFFICE');
INSERT INTO hywtl_has_api.business_manager_list (business_id, manager_list_id) VALUES (17, 17);
INSERT INTO hywtl_has_api.business (id, created_at, created_by, deleted_at, deleted_by, modified_at, modified_by, address, ceo_name, name, note, office_phone, fax, registration_number) VALUES (18, '2022-08-17 11:21:23.077118', null, null, null, null, null, null, '사장18', '18기업', null, '02-0000-0018', null, '000-000-0000018');
INSERT INTO hywtl_has_api.business_manager (id, created_at, created_by, deleted_at, deleted_by, modified_at, modified_by, email, job_title, mobile_phone, name, office_phone, status) VALUES (18, '2022-08-17 11:21:23.101241', null, null, null, null, null, null, '대리', null, '18대리', null, 'IN_OFFICE');
INSERT INTO hywtl_has_api.business_manager_list (business_id, manager_list_id) VALUES (18, 18);
INSERT INTO hywtl_has_api.business (id, created_at, created_by, deleted_at, deleted_by, modified_at, modified_by, address, ceo_name, name, note, office_phone, fax, registration_number) VALUES (19, '2022-08-17 11:21:23.077118', null, null, null, null, null, null, '사장19', '19기업', null, '02-0000-0019', null, '000-000-0000019');
INSERT INTO hywtl_has_api.business_manager (id, created_at, created_by, deleted_at, deleted_by, modified_at, modified_by, email, job_title, mobile_phone, name, office_phone, status) VALUES (19, '2022-08-17 11:21:23.101241', null, null, null, null, null, null, '대리', null, '19대리', null, 'IN_OFFICE');
INSERT INTO hywtl_has_api.business_manager_list (business_id, manager_list_id) VALUES (19, 19);
INSERT INTO hywtl_has_api.business_manager_list (business_id, manager_list_id) VALUES (2, 2);
INSERT INTO hywtl_has_api.business_manager_list (business_id, manager_list_id) VALUES (3, 3);
INSERT INTO hywtl_has_api.business_manager_list (business_id, manager_list_id) VALUES (3, 4);
INSERT INTO hywtl_has_api.business_manager_list (business_id, manager_list_id) VALUES (4, 1);
INSERT INTO hywtl_has_api.business_manager_meta (business_manager_id, meta) VALUES (1, '김기업 차장');
INSERT INTO hywtl_has_api.business_manager_meta (business_manager_id, meta) VALUES (1, '김차장');
INSERT INTO hywtl_has_api.department (id, category, created_at, created_by, note, name, deleted_at, deleted_by, seq, parent_id) VALUES (1, 'COMPANY', '2022-04-12 15:13:04.655439', 0, null, '한양풍동실험연구소', null, null, 1, null);
INSERT INTO hywtl_has_api.department (id, category, created_at, created_by, note, name, deleted_at, deleted_by, seq, parent_id) VALUES (2, 'HQ', '2022-04-12 15:13:04.740280', 0, null, '기술본부', null, null, 1, 1);
INSERT INTO hywtl_has_api.department (id, category, created_at, created_by, note, name, deleted_at, deleted_by, seq, parent_id) VALUES (3, 'TEAM', '2022-04-12 15:13:04.799615', 0, null, '기술팀', null, null, 1, 2);
INSERT INTO hywtl_has_api.department (id, category, created_at, created_by, note, name, deleted_at, deleted_by, seq, parent_id) VALUES (4, 'TEAM', '2022-04-12 15:13:04.844448', 0, null, '영업팀', null, null, 2, 2);
INSERT INTO hywtl_has_api.department (id, category, created_at, created_by, note, name, deleted_at, deleted_by, seq, parent_id) VALUES (5, 'TEAM', '2022-04-12 15:13:04.903988', 0, null, '모형팀', null, null, 3, 2);
INSERT INTO hywtl_has_api.department (id, category, created_at, created_by, note, name, deleted_at, deleted_by, seq, parent_id) VALUES (6, 'PART', '2022-04-12 15:13:04.959709', 0, null, '기술부', null, null, 1, 3);
INSERT INTO hywtl_has_api.department (id, category, created_at, created_by, note, name, deleted_at, deleted_by, seq, parent_id) VALUES (7, 'PART', '2022-04-12 15:13:05.009016', 0, null, '실험부', null, null, 2, 3);
INSERT INTO hywtl_has_api.department (id, category, created_at, created_by, note, name, deleted_at, deleted_by, seq, parent_id) VALUES (8, 'PART', '2022-04-12 15:13:05.054741', 0, null, '편집부', null, null, 3, 3);
INSERT INTO hywtl_has_api.estimate_content (id, created_at, created_by, deleted_at, deleted_by, modified_at, modified_by, name) VALUES (1, '2022-08-25 16:31:36.320680', null, null, null, null, null, 'A type');
INSERT INTO hywtl_has_api.estimate_content (id, created_at, created_by, deleted_at, deleted_by, modified_at, modified_by, name) VALUES (2, '2022-08-25 16:31:36.320680', null, null, null, null, null, 'F, P type');
INSERT INTO hywtl_has_api.estimate_content (id, created_at, created_by, deleted_at, deleted_by, modified_at, modified_by, name) VALUES (3, '2022-08-25 16:31:36.320680', null, null, null, null, null, 'F type');
INSERT INTO hywtl_has_api.estimate_content (id, created_at, created_by, deleted_at, deleted_by, modified_at, modified_by, name) VALUES (4, '2022-08-25 16:31:36.320680', null, null, null, null, null, 'F, P, A type');
INSERT INTO hywtl_has_api.estimate_content_detail_list (estimate_content_id, detail_list) VALUES (1, 'A type - d 1');
INSERT INTO hywtl_has_api.estimate_content_detail_list (estimate_content_id, detail_list) VALUES (1, 'A type - d 2');
INSERT INTO hywtl_has_api.estimate_content_detail_list (estimate_content_id, detail_list) VALUES (1, 'A type - d 3');
INSERT INTO hywtl_has_api.estimate_content_detail_list (estimate_content_id, detail_list) VALUES (1, 'A type - d 4');
INSERT INTO hywtl_has_api.estimate_content_detail_list (estimate_content_id, detail_list) VALUES (1, 'A type - d 5');
INSERT INTO hywtl_has_api.estimate_content_detail_list (estimate_content_id, detail_list) VALUES (2, 'F, P type - d 1');
INSERT INTO hywtl_has_api.estimate_content_detail_list (estimate_content_id, detail_list) VALUES (2, 'F, P type - d 2');
INSERT INTO hywtl_has_api.estimate_content_detail_list (estimate_content_id, detail_list) VALUES (3, 'F type - d 1');
INSERT INTO hywtl_has_api.estimate_content_detail_list (estimate_content_id, detail_list) VALUES (4, 'F, P, A type - d 1');
INSERT INTO hywtl_has_api.estimate_content_detail_list (estimate_content_id, detail_list) VALUES (4, 'F, P, A type - d 2');
INSERT INTO hywtl_has_api.estimate_content_detail_list (estimate_content_id, detail_list) VALUES (4, 'F, P, A type - d 3');
INSERT INTO hywtl_has_api.estimate_content_detail_list (estimate_content_id, detail_list) VALUES (4, 'F, P, A type - d 4');
INSERT INTO hywtl_has_api.estimate_content_test_type_list (estimate_content_id, test_type_list) VALUES (1, 0);
INSERT INTO hywtl_has_api.estimate_content_test_type_list (estimate_content_id, test_type_list) VALUES (1, 3);
INSERT INTO hywtl_has_api.estimate_content_test_type_list (estimate_content_id, test_type_list) VALUES (1, 6);
INSERT INTO hywtl_has_api.estimate_content_test_type_list (estimate_content_id, test_type_list) VALUES (2, 0);
INSERT INTO hywtl_has_api.estimate_content_test_type_list (estimate_content_id, test_type_list) VALUES (2, 1);
INSERT INTO hywtl_has_api.estimate_content_test_type_list (estimate_content_id, test_type_list) VALUES (2, 2);
INSERT INTO hywtl_has_api.estimate_content_test_type_list (estimate_content_id, test_type_list) VALUES (2, 6);
INSERT INTO hywtl_has_api.estimate_content_test_type_list (estimate_content_id, test_type_list) VALUES (3, 0);
INSERT INTO hywtl_has_api.estimate_content_test_type_list (estimate_content_id, test_type_list) VALUES (3, 1);
INSERT INTO hywtl_has_api.estimate_content_test_type_list (estimate_content_id, test_type_list) VALUES (3, 6);
INSERT INTO hywtl_has_api.estimate_content_test_type_list (estimate_content_id, test_type_list) VALUES (4, 0);
INSERT INTO hywtl_has_api.estimate_content_test_type_list (estimate_content_id, test_type_list) VALUES (4, 1);
INSERT INTO hywtl_has_api.estimate_content_test_type_list (estimate_content_id, test_type_list) VALUES (4, 2);
INSERT INTO hywtl_has_api.estimate_content_test_type_list (estimate_content_id, test_type_list) VALUES (4, 3);
INSERT INTO hywtl_has_api.estimate_content_test_type_list (estimate_content_id, test_type_list) VALUES (4, 6);
INSERT INTO hywtl_has_api.estimate_template (id, created_at, created_by, deleted_at, deleted_by, modified_at, modified_by, seq, test_type, title) VALUES (1, '2022-05-20 16:43:43.918093', 1, null, null, null, 1, 1, 'COMMON', '자연기류 형성');
INSERT INTO hywtl_has_api.estimate_template (id, created_at, created_by, deleted_at, deleted_by, modified_at, modified_by, seq, test_type, title) VALUES (2, '2022-05-20 16:46:09.571086', 1, null, null, null, 1, 2, 'F', '주골조설계용 풍하중');
INSERT INTO hywtl_has_api.estimate_template (id, created_at, created_by, deleted_at, deleted_by, modified_at, modified_by, seq, test_type, title) VALUES (3, '2022-05-23 15:41:08.289271', 1, null, null, null, 1, 3, 'A', '부가적인 공기력진동');
INSERT INTO hywtl_has_api.estimate_template (id, created_at, created_by, deleted_at, deleted_by, modified_at, modified_by, seq, test_type, title) VALUES (4, '2022-05-23 15:44:06.278263', 1, null, null, '2022-05-23 15:44:14.959638', 1, 4, 'P', '외장재설계용 풍하중');
INSERT INTO hywtl_has_api.estimate_template (id, created_at, created_by, deleted_at, deleted_by, modified_at, modified_by, seq, test_type, title) VALUES (5, '2022-05-23 15:54:40.662695', 1, null, null, null, 1, 5, 'E', '보행자 풍쾌적도 및 풍안전도');
INSERT INTO hywtl_has_api.estimate_template (id, created_at, created_by, deleted_at, deleted_by, modified_at, modified_by, seq, test_type, title) VALUES (6, '2022-05-23 15:59:09.733309', 1, null, null, null, 1, 6, 'B', '빌딩풍 시뮬레이션');
INSERT INTO hywtl_has_api.estimate_template (id, created_at, created_by, deleted_at, deleted_by, modified_at, modified_by, seq, test_type, title) VALUES (7, '2022-05-23 15:59:59.762333', 1, null, null, null, 1, 7, 'REVIEW', '구조설계사 구조협력');
INSERT INTO hywtl_has_api.estimate_template_detail (id, created_at, created_by, deleted_at, deleted_by, modified_at, modified_by, note, unit, unit_amount) VALUES (1, '2022-05-20 16:43:43.944352', 1, null, null, null, 1, '글로벌 수준 ESDU 기반', 'SITE', 25000000);
INSERT INTO hywtl_has_api.estimate_template_detail (id, created_at, created_by, deleted_at, deleted_by, modified_at, modified_by, note, unit, unit_amount) VALUES (2, '2022-05-20 16:46:09.573678', 1, null, null, null, 1, '국토교통부 풍동실험 가이드라인', 'BUILDING', 7500000);
INSERT INTO hywtl_has_api.estimate_template_detail (id, created_at, created_by, deleted_at, deleted_by, modified_at, modified_by, note, unit, unit_amount) VALUES (3, '2022-05-23 15:41:08.312062', 1, null, null, null, 1, '(2)항 평가 후 필요 시 수행', 'BUILDING', 30000000);
INSERT INTO hywtl_has_api.estimate_template_detail (id, created_at, created_by, deleted_at, deleted_by, modified_at, modified_by, note, unit, unit_amount) VALUES (4, '2022-05-23 15:44:06.280857', 1, null, null, '2022-05-23 15:44:14.961202', 1, '국토교통부 풍동실험 가이드라인', 'BUILDING', 8500000);
INSERT INTO hywtl_has_api.estimate_template_detail (id, created_at, created_by, deleted_at, deleted_by, modified_at, modified_by, note, unit, unit_amount) VALUES (5, '2022-05-23 15:54:40.665333', 1, null, null, null, 1, '국토교통부 빌딩풍 가이드라인', 'SITE', 18000000);
INSERT INTO hywtl_has_api.estimate_template_detail (id, created_at, created_by, deleted_at, deleted_by, modified_at, modified_by, note, unit, unit_amount) VALUES (6, '2022-05-23 15:54:40.667422', 1, null, null, null, 1, '개선방안 요구 시', 'SITE', 15000000);
INSERT INTO hywtl_has_api.estimate_template_detail (id, created_at, created_by, deleted_at, deleted_by, modified_at, modified_by, note, unit, unit_amount) VALUES (7, '2022-05-23 15:59:09.735384', 1, null, null, null, 1, '국토교통부 CFD해석 가이드라인', 'SITE', 85000000);
INSERT INTO hywtl_has_api.estimate_template_detail (id, created_at, created_by, deleted_at, deleted_by, modified_at, modified_by, note, unit, unit_amount) VALUES (8, '2022-05-23 15:59:59.764916', 1, null, null, null, 1, '(2)항 업무와 연계', 'BUILDING', 3000000);
INSERT INTO hywtl_has_api.estimate_template_detail_list (estimate_template_id, detail_list_id) VALUES (1, 1);
INSERT INTO hywtl_has_api.estimate_template_detail_list (estimate_template_id, detail_list_id) VALUES (2, 2);
INSERT INTO hywtl_has_api.estimate_template_detail_list (estimate_template_id, detail_list_id) VALUES (3, 3);
INSERT INTO hywtl_has_api.estimate_template_detail_list (estimate_template_id, detail_list_id) VALUES (4, 4);
INSERT INTO hywtl_has_api.estimate_template_detail_list (estimate_template_id, detail_list_id) VALUES (5, 5);
INSERT INTO hywtl_has_api.estimate_template_detail_list (estimate_template_id, detail_list_id) VALUES (5, 6);
INSERT INTO hywtl_has_api.estimate_template_detail_list (estimate_template_id, detail_list_id) VALUES (6, 7);
INSERT INTO hywtl_has_api.estimate_template_detail_list (estimate_template_id, detail_list_id) VALUES (7, 8);
INSERT INTO hywtl_has_api.estimate_template_detail_title_list (estimate_template_detail_id, title_list) VALUES (1, '대상부지 지표면조도구분 판정');
INSERT INTO hywtl_has_api.estimate_template_detail_title_list (estimate_template_detail_id, title_list) VALUES (1, '대지주변 건물모델링 및 모형제작');
INSERT INTO hywtl_has_api.estimate_template_detail_title_list (estimate_template_detail_id, title_list) VALUES (1, '재현기간 별 기본풍속 평가');
INSERT INTO hywtl_has_api.estimate_template_detail_title_list (estimate_template_detail_id, title_list) VALUES (1, '풍동실험을 위한 맞춤형 자연기류 형성');
INSERT INTO hywtl_has_api.estimate_template_detail_title_list (estimate_template_detail_id, title_list) VALUES (2, '주골조설계용 풍응답 평가(재해석 2회)');
INSERT INTO hywtl_has_api.estimate_template_detail_title_list (estimate_template_detail_id, title_list) VALUES (2, '중간요약본 및 최종평가보고서');
INSERT INTO hywtl_has_api.estimate_template_detail_title_list (estimate_template_detail_id, title_list) VALUES (2, '풍력실험을 위한 풍력 특수모형 제작');
INSERT INTO hywtl_has_api.estimate_template_detail_title_list (estimate_template_detail_id, title_list) VALUES (2, '풍력실험을 통한 풍하중 측정');
INSERT INTO hywtl_has_api.estimate_template_detail_title_list (estimate_template_detail_id, title_list) VALUES (3, '공기력불안정진동 발생여부 평가');
INSERT INTO hywtl_has_api.estimate_template_detail_title_list (estimate_template_detail_id, title_list) VALUES (3, '공기력진동실험을 위한 특수모형 제작');
INSERT INTO hywtl_has_api.estimate_template_detail_title_list (estimate_template_detail_id, title_list) VALUES (3, '공기력진동실험을 통한 수평변위 측정');
INSERT INTO hywtl_has_api.estimate_template_detail_title_list (estimate_template_detail_id, title_list) VALUES (3, '최종평가보고서');
INSERT INTO hywtl_has_api.estimate_template_detail_title_list (estimate_template_detail_id, title_list) VALUES (4, '외장재설계용 풍하중 평가');
INSERT INTO hywtl_has_api.estimate_template_detail_title_list (estimate_template_detail_id, title_list) VALUES (4, '최종평가보고서');
INSERT INTO hywtl_has_api.estimate_template_detail_title_list (estimate_template_detail_id, title_list) VALUES (4, '풍압실험을 위한 풍압 특수모형 제작');
INSERT INTO hywtl_has_api.estimate_template_detail_title_list (estimate_template_detail_id, title_list) VALUES (4, '풍압실험을 통한 풍압 측정(최대 250개소)');
INSERT INTO hywtl_has_api.estimate_template_detail_title_list (estimate_template_detail_id, title_list) VALUES (5, '보행자의 풍쾌적도 및 풍안전도 평가');
INSERT INTO hywtl_has_api.estimate_template_detail_title_list (estimate_template_detail_id, title_list) VALUES (5, '최종평가보고서');
INSERT INTO hywtl_has_api.estimate_template_detail_title_list (estimate_template_detail_id, title_list) VALUES (5, '풍압실험을 통한 풍압 측정(최대 70개소)');
INSERT INTO hywtl_has_api.estimate_template_detail_title_list (estimate_template_detail_id, title_list) VALUES (5, '풍환경실험을 위한 특수모형 제작');
INSERT INTO hywtl_has_api.estimate_template_detail_title_list (estimate_template_detail_id, title_list) VALUES (6, '풍쾌적도 및 풍안전도 개선 평가(최대 2회)');
INSERT INTO hywtl_has_api.estimate_template_detail_title_list (estimate_template_detail_id, title_list) VALUES (7, '건축물들 상/중/저층부 빌딩풍 평가');
INSERT INTO hywtl_has_api.estimate_template_detail_title_list (estimate_template_detail_id, title_list) VALUES (7, '대상건축물 및 주변건축물 3D 모델링');
INSERT INTO hywtl_has_api.estimate_template_detail_title_list (estimate_template_detail_id, title_list) VALUES (7, '보행자의 풍쾌적도 및 풍안전도 평가');
INSERT INTO hywtl_has_api.estimate_template_detail_title_list (estimate_template_detail_id, title_list) VALUES (7, '빌딩풍 시뮬레이션(16개 풍향)');
INSERT INTO hywtl_has_api.estimate_template_detail_title_list (estimate_template_detail_id, title_list) VALUES (7, '최종평가보고서');
INSERT INTO hywtl_has_api.estimate_template_detail_title_list (estimate_template_detail_id, title_list) VALUES (8, '구조물 동특성 자료 수급');
INSERT INTO hywtl_has_api.estimate_template_detail_title_list (estimate_template_detail_id, title_list) VALUES (8, '풍하중 검토 및 구조설계 반영');
INSERT INTO hywtl_has_api.personnel (id, created_at, created_by, user_id) VALUES (1, '2022-04-13 10:42:47.046140', 1, 1);
INSERT INTO hywtl_has_api.personnel (id, created_at, created_by, user_id) VALUES (2, '2022-04-13 10:42:47.046140', 1, 2);
INSERT INTO hywtl_has_api.personnel (id, created_at, created_by, user_id) VALUES (3, '2022-04-13 10:42:47.046140', 1, 3);
INSERT INTO hywtl_has_api.project (id, created_at, created_by, deleted_at, deleted_by, modified_at, modified_by, alias, code, bid_type, expected_month, is_lh, name, requested_month, contract_status, estimate_expectation, estimate_status, progress_status, project_manager_id, reception_manager_id, sales_manager_id) VALUES (1, '2022-08-18 13:45:40.574908', null, null, null, null, null, '반포자이', '22001', 'DEFAULT', null, null, '서울 반포 자이 풍동 실험', null, null, null, null, 'UNDER_CONTRACT', null, 1, null);
INSERT INTO hywtl_has_api.project_complex_building (id, created_at, created_by, deleted_at, deleted_by, modified_at, modified_by, base_area, estimate_evaluation_difficulty, estimate_figure_difficulty, estimate_report_difficulty, estimate_test_difficulty, floor_count, height, in_test, name, ratio, shape, building_document_id, project_id, site_id) VALUES (1, '2022-09-02 12:45:08.785182', null, null, null, '2022-09-02 12:45:08.820181', null, 18508, null, null, null, null, 29, 81, true, '101호', 0.5953951237293675, null, null, 1, 1);
INSERT INTO hywtl_has_api.project_complex_site (id, created_at, created_by, deleted_at, deleted_by, modified_at, modified_by, estimate_figure_difficulty, figure_difficulty, name, with_environment_test, manager_id, project_id) VALUES (1, '2022-09-02 12:45:08.539179', null, null, null, '2022-09-02 12:45:08.735179', null, '중', '중하', '1단지 대지모형', false, 2, 1);
INSERT INTO hywtl_has_api.project_memo (id, created_at, created_by, deleted_at, deleted_by, modified_at, modified_by, category, description, project_id, writer_id) VALUES (1, '2022-08-24 16:15:57.266584', null, null, null, null, null, 'LOG', '한양풍동실험연구소', 1, 1);
INSERT INTO hywtl_has_api.project_memo (id, created_at, created_by, deleted_at, deleted_by, modified_at, modified_by, category, description, project_id, writer_id) VALUES (2, '2022-08-24 16:16:08.677098', null, null, null, null, null, 'BASIC', '메모 테스트', 1, 1);
INSERT INTO hywtl_has_api.user (id, created_at, created_by, deleted_at, deleted_by, modified_at, modified_by, email, locked_at, login_at, name, password, password_changed_at, role, status, username, department_id) VALUES (1, '2022-04-13 10:43:09.640141', 0, null, null, '2022-04-13 10:43:09.700159', 0, 'admin@test.com', null, null, '마스터', '$2a$10$0ATIxnSm9RIMhg7.q5mqWOBp45n48KUFMUzzXqqwGcc9LN/VgCEUa', '2022-04-13 10:43:09.700159', 'MASTER', '사용', 'admin', 1);
INSERT INTO hywtl_has_api.user (id, created_at, created_by, deleted_at, deleted_by, modified_at, modified_by, email, locked_at, login_at, name, password, password_changed_at, role, status, username, department_id) VALUES (2, '2022-04-13 10:43:09.640141', 0, null, null, '2022-04-13 10:43:09.700159', 0, 'user@test.com', null, null, '유저', '$2a$10$0ATIxnSm9RIMhg7.q5mqWOBp45n48KUFMUzzXqqwGcc9LN/VgCEUa', '2022-04-13 10:43:09.700159', 'NORMAL', '사용', 'user', 2);
INSERT INTO hywtl_has_api.user (id, created_at, created_by, deleted_at, deleted_by, modified_at, modified_by, email, locked_at, login_at, name, password, password_changed_at, role, status, username, department_id) VALUES (3, '2022-05-12 12:11:03.767944', null, null, null, '2022-05-12 12:11:03.767944', null, 'test@test.com', null, null, 'aas', '$2a$10$Eyzu6ADvAEWwXJYQBfyC6eP/7cdz6Fd4ulhlvyHQdY4lMjuu/nNk2', '2022-05-12 12:11:03.757347', 'ADMIN', '사용 중지', 'userad', 2);
INSERT INTO hywtl_has_api.user_invitation (id, created_at, created_by, deleted_at, deleted_by, modified_at, modified_by, email, name, role, department_id) VALUES (1, '2022-04-13 10:42:47.046140', 0, '2022-04-13 10:43:09.705662', null, null, null, 'admin@test.com', 'admin', 0, 1);
INSERT INTO hywtl_has_api.user_invitation (id, created_at, created_by, deleted_at, deleted_by, modified_at, modified_by, email, name, role, department_id) VALUES (2, '2022-04-13 10:42:47.046140', 0, '2022-04-13 10:43:09.705662', null, null, null, 'user@test.com', 'user', 0, 2);
INSERT INTO hywtl_has_api.user_invitation (id, created_at, created_by, deleted_at, deleted_by, modified_at, modified_by, email, name, role, department_id) VALUES (3, '2022-05-12 12:10:42.064628', 1, '2022-05-12 12:11:03.000000', null, '2022-05-12 12:10:42.064628', 1, 'test@test.com', 'test', 1, 2);
INSERT INTO hywtl_has_api.user_notification (id, created_at, created_by, deleted_at, deleted_by, modified_at, modified_by, forward_url, note, read_at, type, project_id, user_id) VALUES (1, '2022-09-23 14:50:50.000000', 2, null, null, null, 2, '/project/sales-management/1/complex', '대지 모형 담당자 배정', '2022-09-23 14:51:30.000000', '담당자 배정', 1, 1);
INSERT INTO hywtl_has_api.user_notification (id, created_at, created_by, deleted_at, deleted_by, modified_at, modified_by, forward_url, note, read_at, type, project_id, user_id) VALUES (2, '2022-09-23 14:52:50.000000', 2, null, null, null, 2, '/project/sales-management/1/complex', '대지 모형 담당자 배정 취소', null, '담당자 배정 취소', 1, 1);
set FOREIGN_KEY_CHECKS = 1;