set FOREIGN_KEY_CHECKS = 0;
INSERT INTO hywtl_has_api.business (id, created_at, created_by, deleted_at, deleted_by, modified_at, modified_by, address, ceo_name, name, note, office_phone, fax, registration_number) VALUES (1, '2022-08-17 11:21:23.077118', null, null, null, null, null, null, '이종원', '한양풍동실험연구소', '경기도 안산시 상록구 한양대학로55, 한양대학교 풍환경실험관 2층', '031-400-4095', '031-400-4864', '000-000-0000000');
INSERT INTO hywtl_has_api.business (id, created_at, created_by, deleted_at, deleted_by, modified_at, modified_by, address, ceo_name, name, note, office_phone, fax, registration_number) VALUES (2, '2022-08-17 11:22:32.466625', null, null, null, null, null, null, '정갑수', '정기업', null, '02-2222-2222', null, '222-222-1212123');
INSERT INTO hywtl_has_api.business (id, created_at, created_by, deleted_at, deleted_by, modified_at, modified_by, address, ceo_name, name, note, office_phone, fax, registration_number) VALUES (3, '2022-08-17 11:23:50.518280', null, null, null, null, null, null, '박갑수', '박기업', null, '02-3333-3333', null, '333-222-1212123');
INSERT INTO hywtl_has_api.business (id, created_at, created_by, deleted_at, deleted_by, modified_at, modified_by, address, ceo_name, name, note, office_phone, fax, registration_number) VALUES (4, '2022-08-17 11:21:23.077118', null, null, null, null, null, null, '김갑수', '김기업', null, '02-1111-1111', null, '111-222-1212123');
INSERT INTO hywtl_has_api.business_manager (id, created_at, created_by, deleted_at, deleted_by, modified_at, modified_by, email, job_title, mobile_phone, name, office_phone, status) VALUES (1, '2022-08-17 11:21:23.101241', null, null, null, null, null, null, '차장', null, '김을수', null, 'IN_OFFICE');
INSERT INTO hywtl_has_api.business_manager (id, created_at, created_by, deleted_at, deleted_by, modified_at, modified_by, email, job_title, mobile_phone, name, office_phone, status) VALUES (2, '2022-08-17 11:22:32.469267', null, null, null, null, null, null, '대리', null, '정을수', null, 'IN_OFFICE');
INSERT INTO hywtl_has_api.business_manager (id, created_at, created_by, deleted_at, deleted_by, modified_at, modified_by, email, job_title, mobile_phone, name, office_phone, status) VALUES (3, '2022-08-17 11:23:50.520355', null, null, null, null, null, null, '부장', null, '박을수', null, 'RESIGNATION');
INSERT INTO hywtl_has_api.business_manager (id, created_at, created_by, deleted_at, deleted_by, modified_at, modified_by, email, job_title, mobile_phone, name, office_phone, status) VALUES (4, '2022-08-17 11:23:50.522439', null, null, null, null, null, null, '사원', null, '박병수', null, 'IN_OFFICE');
INSERT INTO hywtl_has_api.business_manager_list (business_id, manager_list_id) VALUES (2, 2);
INSERT INTO hywtl_has_api.business_manager_list (business_id, manager_list_id) VALUES (3, 3);
INSERT INTO hywtl_has_api.business_manager_list (business_id, manager_list_id) VALUES (3, 4);
INSERT INTO hywtl_has_api.business_manager_list (business_id, manager_list_id) VALUES (4, 1);
INSERT INTO hywtl_has_api.business_manager_meta (business_manager_id, meta) VALUES (1, '김기업 차장');
INSERT INTO hywtl_has_api.business_manager_meta (business_manager_id, meta) VALUES (1, '김차장');
INSERT INTO hywtl_has_api.contract_basic (id, created_at, created_by, deleted_at, deleted_by, modified_at, modified_by, collection_stage_note, address, ceo_name, company_name, description, outcome, service_duration) VALUES (1, '2022-10-19 09:41:55.363812', 1, null, null, null, 1, '다음의 기성단계 별 해당금액을 현금으로 지급', '경기도 안산시 상록구 한양대학로55, 한양대학교 풍환경실험관 2층', '이종원', '(주)한양풍동실험연구소', '본 풍동실험 용역을 체결함에 있어서 발주자(이하 “갑”)와 수급자(이하 “을”)는 위의 내용을 상호확인하고 계약상의 업무를 성실히 수행할 것을 확약한다. 본 계약의 증거로써 용역계약서를 2통씩 작성하여 기명날인(또는 서명)하고 “갑”과 “을”은 각 1부씩 보관한다.', '최종보고서 5부(인쇄본)과 1개 전자본(PDF 파일)', '용역개시일(착수보고 시) ~ 용역완료일(최종보고서 인도)');
INSERT INTO hywtl_has_api.contract_collection (id, created_at, created_by, deleted_at, deleted_by, modified_at, modified_by, total_amount_note) VALUES (1, '2022-10-18 16:13:46.899878', 1, null, null, null, 1, 'VAT 포함');
INSERT INTO hywtl_has_api.contract_collection_stage_list (contract_collection_id, expected_date, name, note, rate) VALUES (1, 0, '계약금', '계약 체결 시', 30);
INSERT INTO hywtl_has_api.contract_collection_stage_list (contract_collection_id, expected_date, name, note, rate) VALUES (1, 1, '중도금', '구조 설계용 풍하중 납품 시', 50);
INSERT INTO hywtl_has_api.contract_collection_stage_list (contract_collection_id, expected_date, name, note, rate) VALUES (1, 2, '잔금', '최종 보고서 납품 시', 20);
INSERT INTO hywtl_has_api.contract_condition (id, created_at, created_by, deleted_at, deleted_by, modified_at, modified_by, title) VALUES (1, '2022-10-19 10:00:13.362498', 1, null, null, null, 1, '【제1조 목적】');
INSERT INTO hywtl_has_api.contract_condition (id, created_at, created_by, deleted_at, deleted_by, modified_at, modified_by, title) VALUES (10, '2022-10-19 10:00:13.384499', 1, null, null, null, 1, '【제10조 계약의 해지】');
INSERT INTO hywtl_has_api.contract_condition (id, created_at, created_by, deleted_at, deleted_by, modified_at, modified_by, title) VALUES (11, '2022-10-19 10:00:13.385498', 1, null, null, null, 1, '【제11조 손해배상】');
INSERT INTO hywtl_has_api.contract_condition (id, created_at, created_by, deleted_at, deleted_by, modified_at, modified_by, title) VALUES (12, '2022-10-19 10:00:13.386498', 1, null, null, null, 1, '【제12조 중재】');
INSERT INTO hywtl_has_api.contract_condition (id, created_at, created_by, deleted_at, deleted_by, modified_at, modified_by, title) VALUES (13, '2022-10-19 10:00:13.386498', 1, null, null, null, 1, '【제13조 해석】');
INSERT INTO hywtl_has_api.contract_condition (id, created_at, created_by, deleted_at, deleted_by, modified_at, modified_by, title) VALUES (14, '2022-10-19 10:00:13.387499', 1, null, null, null, 1, '【제14조 용역비 지급】');
INSERT INTO hywtl_has_api.contract_condition (id, created_at, created_by, deleted_at, deleted_by, modified_at, modified_by, title) VALUES (15, '2022-10-19 10:00:13.387499', 1, null, null, null, 1, '【제15조 특기사항】');
INSERT INTO hywtl_has_api.contract_condition (id, created_at, created_by, deleted_at, deleted_by, modified_at, modified_by, title) VALUES (2, '2022-10-19 10:00:13.376499', 1, null, null, null, 1, '【제2조 범위】');
INSERT INTO hywtl_has_api.contract_condition (id, created_at, created_by, deleted_at, deleted_by, modified_at, modified_by, title) VALUES (3, '2022-10-19 10:00:13.378498', 1, null, null, null, 1, '【제3조 용역기간】');
INSERT INTO hywtl_has_api.contract_condition (id, created_at, created_by, deleted_at, deleted_by, modified_at, modified_by, title) VALUES (4, '2022-10-19 10:00:13.380500', 1, null, null, null, 1, '【제4조 최종보고서 제출】');
INSERT INTO hywtl_has_api.contract_condition (id, created_at, created_by, deleted_at, deleted_by, modified_at, modified_by, title) VALUES (5, '2022-10-19 10:00:13.380500', 1, null, null, null, 1, '【제5조 신의성실 및 상호협조】');
INSERT INTO hywtl_has_api.contract_condition (id, created_at, created_by, deleted_at, deleted_by, modified_at, modified_by, title) VALUES (6, '2022-10-19 10:00:13.381499', 1, null, null, null, 1, '【제6조 비밀보장】');
INSERT INTO hywtl_has_api.contract_condition (id, created_at, created_by, deleted_at, deleted_by, modified_at, modified_by, title) VALUES (7, '2022-10-19 10:00:13.382499', 1, null, null, null, 1, '【제7조 용역결과 발생되는 물품의 귀속】');
INSERT INTO hywtl_has_api.contract_condition (id, created_at, created_by, deleted_at, deleted_by, modified_at, modified_by, title) VALUES (8, '2022-10-19 10:00:13.383499', 1, null, null, null, 1, '【제8조 실험모형의 보존】');
INSERT INTO hywtl_has_api.contract_condition (id, created_at, created_by, deleted_at, deleted_by, modified_at, modified_by, title) VALUES (9, '2022-10-19 10:00:13.384499', 1, null, null, null, 1, '【제9조 권리양도의 제한】');
INSERT INTO hywtl_has_api.contract_condition_description_list (contract_condition_id, description_list) VALUES (1, '본 계약의 목적은 “갑”과 “을”의 상호 신뢰를 바탕으로 원활한 용역을 수행하기 위함이다.');
INSERT INTO hywtl_has_api.contract_condition_description_list (contract_condition_id, description_list) VALUES (10, '① (“갑”의 해지) “을”이 본 용역을 수행할 능력이 없다고 인정될 경우, “갑”은  1개월 이상의 기간을 정하여 “을”에게 해지의 의사를 통보하여 협의한 후 본 계약을 해지할 수 있다.');
INSERT INTO hywtl_has_api.contract_condition_description_list (contract_condition_id, description_list) VALUES (10, '② (“을”의 해지) “갑”이 본 계약을 위배하여 원활한 용역수행이 극히 곤란하다고 인정될 경우 “을”은 1개월 이상의 기간을 정하여 “갑”에게 이의 개선을 최고한 후 그 기간 내에 현저한 개선사실이 없을 경우에는 본 계약을 해지할 수 있다.');
INSERT INTO hywtl_has_api.contract_condition_description_list (contract_condition_id, description_list) VALUES (10, '③ (해지협의) 본조 제①항 및 제②항에 의하여 계약이 해지될 경우에는 “을”은 해지된 날로부터 1개월 이내에 해지 시까지의 용역비 집행정산서 및 해지 시까지의 용역보고서를 “갑”에게 제출하고, 용역비의 미집행분에 한하여 “갑”에게 반환한다. 다만, 해지의 책임이 “갑”에게 있을 경우 용역비의 미집행 분을 “갑”은 “을에게 청구할 수 없다.');
INSERT INTO hywtl_has_api.contract_condition_description_list (contract_condition_id, description_list) VALUES (10, '④ (기타) 기타 해지에 필요한 사항은 “갑”과 “을” 쌍방의 합의에 의한다.');
INSERT INTO hywtl_has_api.contract_condition_description_list (contract_condition_id, description_list) VALUES (11, '① “갑”과 “을”은 상대방이 이 계약을 위반하거나 업무상과실 또는 【제10조 계약의 해지】에 의한 손해가 발생한 때에는 용역대가의 범위(용역비) 내에서 상대방에게 손해배상을 청구할 수 있다.');
INSERT INTO hywtl_has_api.contract_condition_description_list (contract_condition_id, description_list) VALUES (11, '② 천재, 폭발, 태풍, 폭우, 전쟁 등의 천재지변이나 계엄선포 등의 법률적 제재, 실험장비의 고장, 수리 등에 의해 지연된 경우 또는 파업, 폭동 등 계약 당사자 간의 권한과 능력이외의 사정으로 인하여 “갑” 또는 “을”이 본 계약의 이행에 차질을 초래하였을 경우 이에 따른 손해, 손실에 대하여는 “갑” “을” 상호간에 변상의 책임을 지지 아니한다.');
INSERT INTO hywtl_has_api.contract_condition_description_list (contract_condition_id, description_list) VALUES (12, '계약기간 중 또는 계약종료 후 본 계약의 해석 또는 계약의 효력, 또는 권리와 의무에 대하여 양자 간의 분쟁이 발생했을 때에는 그 분쟁은 중재에 의해 해결한다.');
INSERT INTO hywtl_has_api.contract_condition_description_list (contract_condition_id, description_list) VALUES (13, '본 계약에 명기되지 아니한 사항 및 본 계약의 해석상 이의가 있을 때에는 쌍방의 합의 또는 통상의 관행에 따른다.');
INSERT INTO hywtl_has_api.contract_condition_description_list (contract_condition_id, description_list) VALUES (14, '본 용역비의 지급 시기 및 비율은 “갑”과 “을”의 상호 간 협의를 통하여 결정하며, “갑”은 지급 시기 30일 이내에 해당 용역비를 “을”에게 지급하여야 한다.');
INSERT INTO hywtl_has_api.contract_condition_description_list (contract_condition_id, description_list) VALUES (15, '① 풍동실험 대상 건축물은 “갑”의 요구에 따라 건축물안전영향평가를 위한 {total_building_count}개동에 대한 풍동실험을 수행한다.');
INSERT INTO hywtl_has_api.contract_condition_description_list (contract_condition_id, description_list) VALUES (15, '② 실험항목은 동에 대한 풍력실험, 공기력진동실험, 풍압실험 및 단지에 대한 풍환경실험이며, 양자협의에 따라 변경할 수 있다.');
INSERT INTO hywtl_has_api.contract_condition_description_list (contract_condition_id, description_list) VALUES (15, '③ 실험결과는 실험대상 건축물에 한하여 분석하고 보고서에 수록한다.');
INSERT INTO hywtl_has_api.contract_condition_description_list (contract_condition_id, description_list) VALUES (15, '④ 풍력실험의 풍향각은 전풍향에 대하여 36개 방위(10° 간격)를 수행한다.');
INSERT INTO hywtl_has_api.contract_condition_description_list (contract_condition_id, description_list) VALUES (15, '⑤ ➃에 따라 특정 풍향각에서 풍진동이 심히 우려되는 경우에 한하여 {a_building_count}개동에 대해 공기력 진동실험을 수행하여 부가적인 진동특성을 재평가할 수 있으며, {a_test_amount_kor}(￦{a_test_amount}-부가세별도)과 {a_test_week}주의 기간이 추가된다.');
INSERT INTO hywtl_has_api.contract_condition_description_list (contract_condition_id, description_list) VALUES (15, '⑥ 풍압실험의 풍향각은 전풍향에 대하여 36개 방위(10° 간격)를 수행하며, 각 동의 풍압공의 개수는 250개 내외로 한다.');
INSERT INTO hywtl_has_api.contract_condition_description_list (contract_condition_id, description_list) VALUES (15, '⑦ 풍환경실험의 풍향각은 전풍향에 대하여 16개 방위(22.5° 간격)를 수행하며, 단지내 풍속계측소는 50개 내외로 한다. 단, 풍쾌적도 및 풍안전도 개선조치 평가가 필요할 경우 추가적인 비용과 기간이 발생할 수 있음.');
INSERT INTO hywtl_has_api.contract_condition_description_list (contract_condition_id, description_list) VALUES (15, '⑧ 본 용역비는 "구조설계사무소 구조검토비용“ {review_amount_kor}(￦{review_amount}-부가세별도)이 포함되어 있다.');
INSERT INTO hywtl_has_api.contract_condition_description_list (contract_condition_id, description_list) VALUES (15, '⑨ 본 용역은 ‘건축물 안전영향평가’를 위한 것이며, ‘구조안전심의(실시설계)‘를 위한 용역은 포함 되어 있지 않음.');
INSERT INTO hywtl_has_api.contract_condition_description_list (contract_condition_id, description_list) VALUES (15, '➉ 본 용역은 모형제작 및 풍동실험 각1회로 수행되며, 용역개시일에 받은 ‘건축설계도서’로 진행된다. 다만, 도서 변동으로 인한 모형재제작 및 재실험 발생 시 추가금액과 기간이 발생한다.');
INSERT INTO hywtl_has_api.contract_condition_description_list (contract_condition_id, description_list) VALUES (2, '본 계약의 범위는 【제15조 특기사항】의 수행범위와 같고, “을”이 용역을 완료한 후 “갑”에게 제공하는 최종결과는 특기사항에 한한다.');
INSERT INTO hywtl_has_api.contract_condition_description_list (contract_condition_id, description_list) VALUES (3, '① 본 계약의 기간은 ‘용역개시일‘로부터 ’용역완료일’까지이다. 단, “갑”과 “을” 쌍방의 합의에 의하여 계약기간을 변경할 수 있다.');
INSERT INTO hywtl_has_api.contract_condition_description_list (contract_condition_id, description_list) VALUES (3, '② (용역개시일)은 ‘계약금’과 모형제작을 위한 ‘건축설계도서’, ‘구조동특성 자료’를 수급한 이후 “을”이 “갑”에게 용역개시(착수보고)를 통보한 날을 기준으로 한다.');
INSERT INTO hywtl_has_api.contract_condition_description_list (contract_condition_id, description_list) VALUES (3, '③ (용역완료일)은 “을”이 용역결과를 “갑”에게 제출하고 그 결과물로 풍동실험 최종보고서를 납품완료한 날을 기준으로 한다. 다만, “갑”과 “을”을 협의에 의하여 용역완료일을 따로 정할 수 있다.');
INSERT INTO hywtl_has_api.contract_condition_description_list (contract_condition_id, description_list) VALUES (4, '“을”은 용역이 완료된 후 본 용역결과에 관한 최종보고서 5부(인쇄본)를 “갑”에게 제출하여야 한다.');
INSERT INTO hywtl_has_api.contract_condition_description_list (contract_condition_id, description_list) VALUES (5, '① (신의성실) “갑”과 “을”은 신의를 가지고 본 계약의 각 조항을 성실히 이행하여야 한다.');
INSERT INTO hywtl_has_api.contract_condition_description_list (contract_condition_id, description_list) VALUES (5, '② (상호협조) “을”은 전 용역과정을 통하여 “갑”의 요청이 있을 때에는 수시로 용역내용에 관하여 “갑”과 협의하여야 하며, “갑” 또한 본 용역과 관련하여 필요한 사항을 “을”에게 적극 협조하여야 한다.');
INSERT INTO hywtl_has_api.contract_condition_description_list (contract_condition_id, description_list) VALUES (5, '③ (규정준수) “갑”이 용역수행에 필요한 인력, 재료, 기자재 및 시설 등을 출자하는 경우에는 “을”의 제반규정을 준수하여야 한다.');
INSERT INTO hywtl_has_api.contract_condition_description_list (contract_condition_id, description_list) VALUES (6, '“갑”과 “을”은 상호 상대방의 승인 없이는 본 용역과 관련하여 취득한 상대방의 비밀을 외부에 공개 또는 제공하지 아니한다.  다만, 이 조항은 상호 일반적인 기업활동이나 연구활동에 대하여는 적용되지 아니한다.');
INSERT INTO hywtl_has_api.contract_condition_description_list (contract_condition_id, description_list) VALUES (7, '본 용역결과로 발생하는 실험모형은 제작 기술보호를 위하여 “을”의 소유로 하고, 발생기자재 및 시설은 “을”의 소유로 한다.');
INSERT INTO hywtl_has_api.contract_condition_description_list (contract_condition_id, description_list) VALUES (8, '“을“은 본 용역결과로 발생하는 실험모형에 대하여 용역완료일 이후 2개월간 보존하며, 의무보존기간 이후 ”을“이 임의로 폐기할 수 있다. 다만, 보존기간은 ”갑“과 ”을“의 협의에 의해 변경할 수 있다.');
INSERT INTO hywtl_has_api.contract_condition_description_list (contract_condition_id, description_list) VALUES (9, '“갑”과 “을”은 상호 상대방의 동의 없이 본 계약에 의하여 취득되는 제반권리를 제 3자에게 제공하거나 양도할 수 없다.');
INSERT INTO hywtl_has_api.department (id, category, created_at, created_by, note, name, deleted_at, deleted_by, seq, parent_id) VALUES (1, 'COMPANY', '2022-04-12 15:13:04.655439', 0, null, '한양풍동실험연구소', null, null, 1, null);
INSERT INTO hywtl_has_api.department (id, category, created_at, created_by, note, name, deleted_at, deleted_by, seq, parent_id) VALUES (2, 'HQ', '2022-04-12 15:13:04.740280', 0, null, '기술본부', null, null, 1, 1);
INSERT INTO hywtl_has_api.department (id, category, created_at, created_by, note, name, deleted_at, deleted_by, seq, parent_id) VALUES (3, 'TEAM', '2022-04-12 15:13:04.799615', 0, null, '기술팀', null, null, 1, 2);
INSERT INTO hywtl_has_api.department (id, category, created_at, created_by, note, name, deleted_at, deleted_by, seq, parent_id) VALUES (4, 'TEAM', '2022-04-12 15:13:04.844448', 0, null, '영업팀', null, null, 2, 2);
INSERT INTO hywtl_has_api.department (id, category, created_at, created_by, note, name, deleted_at, deleted_by, seq, parent_id) VALUES (5, 'TEAM', '2022-04-12 15:13:04.903988', 0, null, '모형팀', null, null, 3, 2);
INSERT INTO hywtl_has_api.department (id, category, created_at, created_by, note, name, deleted_at, deleted_by, seq, parent_id) VALUES (6, 'PART', '2022-04-12 15:13:04.959709', 0, null, '기술부', null, null, 1, 3);
INSERT INTO hywtl_has_api.department (id, category, created_at, created_by, note, name, deleted_at, deleted_by, seq, parent_id) VALUES (7, 'PART', '2022-04-12 15:13:05.009016', 0, null, '실험부', null, null, 2, 3);
INSERT INTO hywtl_has_api.department (id, category, created_at, created_by, note, name, deleted_at, deleted_by, seq, parent_id) VALUES (8, 'PART', '2022-04-12 15:13:05.054741', 0, null, '편집부', null, null, 3, 3);
INSERT INTO hywtl_has_api.estimate_content (id, created_at, created_by, deleted_at, deleted_by, modified_at, modified_by, name) VALUES (1, '2022-08-25 16:31:36.320680', null, null, null, null, null, 'A type');
INSERT INTO hywtl_has_api.estimate_content (id, created_at, created_by, deleted_at, deleted_by, modified_at, modified_by, name) VALUES (2, '2022-08-25 16:31:36.320680', null, null, null, null, null, 'F, P type');
INSERT INTO hywtl_has_api.estimate_content (id, created_at, created_by, deleted_at, deleted_by, modified_at, modified_by, name) VALUES (3, '2022-08-25 16:31:36.320680', null, null, null, null, null, 'F type');
INSERT INTO hywtl_has_api.estimate_content (id, created_at, created_by, deleted_at, deleted_by, modified_at, modified_by, name) VALUES (4, '2022-08-25 16:31:36.320680', null, null, null, null, null, 'F, P, A type');
INSERT INTO hywtl_has_api.estimate_content_detail_list (estimate_content_id, detail_list) VALUES (1, 'A type - d 1');
INSERT INTO hywtl_has_api.estimate_content_detail_list (estimate_content_id, detail_list) VALUES (1, 'A type - d 2');
INSERT INTO hywtl_has_api.estimate_content_detail_list (estimate_content_id, detail_list) VALUES (1, 'A type - d 3');
INSERT INTO hywtl_has_api.estimate_content_detail_list (estimate_content_id, detail_list) VALUES (1, 'A type - d 4');
INSERT INTO hywtl_has_api.estimate_content_detail_list (estimate_content_id, detail_list) VALUES (1, 'A type - d 5');
INSERT INTO hywtl_has_api.estimate_content_detail_list (estimate_content_id, detail_list) VALUES (2, 'F, P type - d 1');
INSERT INTO hywtl_has_api.estimate_content_detail_list (estimate_content_id, detail_list) VALUES (2, 'F, P type - d 2');
INSERT INTO hywtl_has_api.estimate_content_detail_list (estimate_content_id, detail_list) VALUES (3, 'F type - d 1');
INSERT INTO hywtl_has_api.estimate_content_detail_list (estimate_content_id, detail_list) VALUES (4, 'F, P, A type - d 1');
INSERT INTO hywtl_has_api.estimate_content_detail_list (estimate_content_id, detail_list) VALUES (4, 'F, P, A type - d 2');
INSERT INTO hywtl_has_api.estimate_content_detail_list (estimate_content_id, detail_list) VALUES (4, 'F, P, A type - d 3');
INSERT INTO hywtl_has_api.estimate_content_detail_list (estimate_content_id, detail_list) VALUES (4, 'F, P, A type - d 4');
INSERT INTO hywtl_has_api.estimate_content_test_type_list (estimate_content_id, test_type_list) VALUES (1, 0);
INSERT INTO hywtl_has_api.estimate_content_test_type_list (estimate_content_id, test_type_list) VALUES (1, 3);
INSERT INTO hywtl_has_api.estimate_content_test_type_list (estimate_content_id, test_type_list) VALUES (1, 5);
INSERT INTO hywtl_has_api.estimate_content_test_type_list (estimate_content_id, test_type_list) VALUES (2, 0);
INSERT INTO hywtl_has_api.estimate_content_test_type_list (estimate_content_id, test_type_list) VALUES (2, 1);
INSERT INTO hywtl_has_api.estimate_content_test_type_list (estimate_content_id, test_type_list) VALUES (2, 2);
INSERT INTO hywtl_has_api.estimate_content_test_type_list (estimate_content_id, test_type_list) VALUES (2, 5);
INSERT INTO hywtl_has_api.estimate_content_test_type_list (estimate_content_id, test_type_list) VALUES (3, 0);
INSERT INTO hywtl_has_api.estimate_content_test_type_list (estimate_content_id, test_type_list) VALUES (3, 1);
INSERT INTO hywtl_has_api.estimate_content_test_type_list (estimate_content_id, test_type_list) VALUES (3, 5);
INSERT INTO hywtl_has_api.estimate_content_test_type_list (estimate_content_id, test_type_list) VALUES (4, 0);
INSERT INTO hywtl_has_api.estimate_content_test_type_list (estimate_content_id, test_type_list) VALUES (4, 1);
INSERT INTO hywtl_has_api.estimate_content_test_type_list (estimate_content_id, test_type_list) VALUES (4, 2);
INSERT INTO hywtl_has_api.estimate_content_test_type_list (estimate_content_id, test_type_list) VALUES (4, 3);
INSERT INTO hywtl_has_api.estimate_content_test_type_list (estimate_content_id, test_type_list) VALUES (4, 5);
INSERT INTO hywtl_has_api.estimate_template (id, created_at, created_by, deleted_at, deleted_by, modified_at, modified_by, seq, test_type, title) VALUES (1, '2022-05-20 16:43:43.918093', 1, null, null, null, 1, 1, 'COMMON', '자연기류 형성');
INSERT INTO hywtl_has_api.estimate_template (id, created_at, created_by, deleted_at, deleted_by, modified_at, modified_by, seq, test_type, title) VALUES (2, '2022-05-20 16:46:09.571086', 1, null, null, null, 1, 2, 'F', '주골조설계용 풍하중');
INSERT INTO hywtl_has_api.estimate_template (id, created_at, created_by, deleted_at, deleted_by, modified_at, modified_by, seq, test_type, title) VALUES (3, '2022-05-23 15:41:08.289271', 1, null, null, null, 1, 3, 'A', '부가적인 공기력진동');
INSERT INTO hywtl_has_api.estimate_template (id, created_at, created_by, deleted_at, deleted_by, modified_at, modified_by, seq, test_type, title) VALUES (4, '2022-05-23 15:44:06.278263', 1, null, null, '2022-05-23 15:44:14.959638', 1, 4, 'P', '외장재설계용 풍하중');
INSERT INTO hywtl_has_api.estimate_template (id, created_at, created_by, deleted_at, deleted_by, modified_at, modified_by, seq, test_type, title) VALUES (5, '2022-05-23 15:54:40.662695', 1, null, null, null, 1, 5, 'E', '보행자 풍쾌적도 및 풍안전도');
INSERT INTO hywtl_has_api.estimate_template (id, created_at, created_by, deleted_at, deleted_by, modified_at, modified_by, seq, test_type, title) VALUES (6, '2022-05-23 15:59:59.762333', 1, null, null, null, 1, 6, 'REVIEW', '구조설계사 구조협력');
INSERT INTO hywtl_has_api.estimate_template_detail (id, created_at, created_by, deleted_at, deleted_by, modified_at, modified_by, note, unit, unit_amount, in_use) VALUES (1, '2022-05-20 16:43:43.944352', 1, null, null, null, 1, '글로벌 수준 ESDU 기반', 'SITE', 25000000, true);
INSERT INTO hywtl_has_api.estimate_template_detail (id, created_at, created_by, deleted_at, deleted_by, modified_at, modified_by, note, unit, unit_amount, in_use) VALUES (2, '2022-05-20 16:46:09.573678', 1, null, null, null, 1, '국토교통부 풍동실험 가이드라인', 'BUILDING', 7500000, true);
INSERT INTO hywtl_has_api.estimate_template_detail (id, created_at, created_by, deleted_at, deleted_by, modified_at, modified_by, note, unit, unit_amount, in_use) VALUES (3, '2022-05-23 15:41:08.312062', 1, null, null, null, 1, '(2)항 평가 후 필요 시 수행', 'BUILDING', 30000000, true);
INSERT INTO hywtl_has_api.estimate_template_detail (id, created_at, created_by, deleted_at, deleted_by, modified_at, modified_by, note, unit, unit_amount, in_use) VALUES (4, '2022-05-23 15:44:06.280857', 1, null, null, '2022-05-23 15:44:14.961202', 1, '국토교통부 풍동실험 가이드라인', 'BUILDING', 8500000, true);
INSERT INTO hywtl_has_api.estimate_template_detail (id, created_at, created_by, deleted_at, deleted_by, modified_at, modified_by, note, unit, unit_amount, in_use) VALUES (5, '2022-05-23 15:54:40.665333', 1, null, null, null, 1, '국토교통부 빌딩풍 가이드라인', 'SITE', 18000000, true);
INSERT INTO hywtl_has_api.estimate_template_detail (id, created_at, created_by, deleted_at, deleted_by, modified_at, modified_by, note, unit, unit_amount, in_use) VALUES (6, '2022-05-23 15:54:40.667422', 1, null, null, null, 1, '개선방안 요구 시', 'SITE', 15000000, true);
INSERT INTO hywtl_has_api.estimate_template_detail (id, created_at, created_by, deleted_at, deleted_by, modified_at, modified_by, note, unit, unit_amount, in_use) VALUES (7, '2022-05-23 15:59:59.764916', 1, null, null, null, 1, '(2)항 업무와 연계', 'BUILDING', 3000000, true);
INSERT INTO hywtl_has_api.estimate_template_detail_list (estimate_template_id, detail_list_id) VALUES (1, 1);
INSERT INTO hywtl_has_api.estimate_template_detail_list (estimate_template_id, detail_list_id) VALUES (2, 2);
INSERT INTO hywtl_has_api.estimate_template_detail_list (estimate_template_id, detail_list_id) VALUES (3, 3);
INSERT INTO hywtl_has_api.estimate_template_detail_list (estimate_template_id, detail_list_id) VALUES (4, 4);
INSERT INTO hywtl_has_api.estimate_template_detail_list (estimate_template_id, detail_list_id) VALUES (5, 5);
INSERT INTO hywtl_has_api.estimate_template_detail_list (estimate_template_id, detail_list_id) VALUES (5, 6);
INSERT INTO hywtl_has_api.estimate_template_detail_list (estimate_template_id, detail_list_id) VALUES (6, 7);
INSERT INTO hywtl_has_api.estimate_template_detail_title_list (estimate_template_detail_id, title_list) VALUES (1, '대상부지 지표면조도구분 판정');
INSERT INTO hywtl_has_api.estimate_template_detail_title_list (estimate_template_detail_id, title_list) VALUES (1, '대지주변 건물모델링 및 모형제작');
INSERT INTO hywtl_has_api.estimate_template_detail_title_list (estimate_template_detail_id, title_list) VALUES (1, '재현기간 별 기본풍속 평가');
INSERT INTO hywtl_has_api.estimate_template_detail_title_list (estimate_template_detail_id, title_list) VALUES (1, '풍동실험을 위한 맞춤형 자연기류 형성');
INSERT INTO hywtl_has_api.estimate_template_detail_title_list (estimate_template_detail_id, title_list) VALUES (2, '주골조설계용 풍응답 평가(재해석 2회)');
INSERT INTO hywtl_has_api.estimate_template_detail_title_list (estimate_template_detail_id, title_list) VALUES (2, '중간요약본 및 최종평가보고서');
INSERT INTO hywtl_has_api.estimate_template_detail_title_list (estimate_template_detail_id, title_list) VALUES (2, '풍력실험을 위한 풍력 특수모형 제작');
INSERT INTO hywtl_has_api.estimate_template_detail_title_list (estimate_template_detail_id, title_list) VALUES (2, '풍력실험을 통한 풍하중 측정');
INSERT INTO hywtl_has_api.estimate_template_detail_title_list (estimate_template_detail_id, title_list) VALUES (3, '공기력불안정진동 발생여부 평가');
INSERT INTO hywtl_has_api.estimate_template_detail_title_list (estimate_template_detail_id, title_list) VALUES (3, '공기력진동실험을 위한 특수모형 제작');
INSERT INTO hywtl_has_api.estimate_template_detail_title_list (estimate_template_detail_id, title_list) VALUES (3, '공기력진동실험을 통한 수평변위 측정');
INSERT INTO hywtl_has_api.estimate_template_detail_title_list (estimate_template_detail_id, title_list) VALUES (3, '최종평가보고서');
INSERT INTO hywtl_has_api.estimate_template_detail_title_list (estimate_template_detail_id, title_list) VALUES (4, '외장재설계용 풍하중 평가');
INSERT INTO hywtl_has_api.estimate_template_detail_title_list (estimate_template_detail_id, title_list) VALUES (4, '최종평가보고서');
INSERT INTO hywtl_has_api.estimate_template_detail_title_list (estimate_template_detail_id, title_list) VALUES (4, '풍압실험을 위한 풍압 특수모형 제작');
INSERT INTO hywtl_has_api.estimate_template_detail_title_list (estimate_template_detail_id, title_list) VALUES (4, '풍압실험을 통한 풍압 측정(최대 250개소)');
INSERT INTO hywtl_has_api.estimate_template_detail_title_list (estimate_template_detail_id, title_list) VALUES (5, '보행자의 풍쾌적도 및 풍안전도 평가');
INSERT INTO hywtl_has_api.estimate_template_detail_title_list (estimate_template_detail_id, title_list) VALUES (5, '최종평가보고서');
INSERT INTO hywtl_has_api.estimate_template_detail_title_list (estimate_template_detail_id, title_list) VALUES (5, '풍압실험을 통한 풍압 측정(최대 70개소)');
INSERT INTO hywtl_has_api.estimate_template_detail_title_list (estimate_template_detail_id, title_list) VALUES (5, '풍환경실험을 위한 특수모형 제작');
INSERT INTO hywtl_has_api.estimate_template_detail_title_list (estimate_template_detail_id, title_list) VALUES (6, '풍쾌적도 및 풍안전도 개선 평가(최대 2회)');
INSERT INTO hywtl_has_api.estimate_template_detail_title_list (estimate_template_detail_id, title_list) VALUES (7, '구조물 동특성 자료 수급');
INSERT INTO hywtl_has_api.estimate_template_detail_title_list (estimate_template_detail_id, title_list) VALUES (7, '풍하중 검토 및 구조설계 반영');
INSERT INTO hywtl_has_api.personnel (id, created_at, created_by, user_id) VALUES (1, '2022-04-13 10:42:47.046140', 1, 1);
INSERT INTO hywtl_has_api.personnel (id, created_at, created_by, user_id) VALUES (2, '2022-04-13 10:42:47.046140', 1, 2);
INSERT INTO hywtl_has_api.personnel (id, created_at, created_by, user_id) VALUES (3, '2022-04-13 10:42:47.046140', 1, 3);
INSERT INTO hywtl_has_api.project (id, created_at, created_by, deleted_at, deleted_by, modified_at, modified_by, alias, code, bid_type, expected_month, is_lh, name, requested_month, contract_status, estimate_expectation, estimate_status, progress_status, project_manager_id, reception_manager_id, sales_manager_id) VALUES (1, '2022-08-18 13:45:40.574908', null, null, null, null, null, '반포자이', '22001', 'DEFAULT', null, null, '서울 반포 자이 풍동 실험', null, null, null, null, 'UNDER_CONTRACT', null, 1, null);
INSERT INTO hywtl_has_api.project_collection (id, created_at, created_by, deleted_at, deleted_by, modified_at, modified_by, project_id, user_id) VALUES (1, '2022-10-25 12:29:48.010101', 1, null, null, null, null, 1, null);
INSERT INTO hywtl_has_api.project_collection_stage (id, created_at, created_by, deleted_at, deleted_by, modified_at, modified_by, amount, expected_date, name, note, seq, project_collection_id) VALUES (1, '2022-10-25 16:45:45.970479', 1, null, null, null, 1, 528000, '2022-11-30', '계약금', '계약 체결 시', 1, 1);
INSERT INTO hywtl_has_api.project_collection_stage (id, created_at, created_by, deleted_at, deleted_by, modified_at, modified_by, amount, expected_date, name, note, seq, project_collection_id) VALUES (2, '2022-10-25 16:46:04.284220', 1, null, null, null, 1, 880000, '2023-01-11', '중도금', '구조 설계용 풍하중 납품 시', 2, 1);
INSERT INTO hywtl_has_api.project_collection_stage (id, created_at, created_by, deleted_at, deleted_by, modified_at, modified_by, amount, expected_date, name, note, seq, project_collection_id) VALUES (3, '2022-10-25 16:46:10.553816', 1, null, null, null, 1, 352000, '2023-02-22', '잔금', '최종 보고서 납품 시', 3, 1);
INSERT INTO hywtl_has_api.project_complex_building (id, created_at, created_by, deleted_at, deleted_by, modified_at, modified_by, base_area, estimate_evaluation_difficulty, estimate_figure_difficulty, estimate_report_difficulty, estimate_test_difficulty, floor_count, height, in_test, name, ratio, shape, building_document_id, project_id, site_id) VALUES (1, '2022-09-02 12:45:08.785182', null, null, null, '2022-09-02 12:45:08.820181', null, 18508, null, null, null, null, 29, 81, true, '101호', 0.5953951237293675, null, null, 1, 1);
INSERT INTO hywtl_has_api.project_complex_site (id, created_at, created_by, deleted_at, deleted_by, modified_at, modified_by, estimate_figure_difficulty, figure_difficulty, name, with_environment_test, manager_id, project_id) VALUES (1, '2022-09-02 12:45:08.539179', null, null, null, '2022-09-02 12:45:08.735179', null, '중', '중하', '1단지 대지모형', false, 2, 1);
INSERT INTO hywtl_has_api.project_contract (id, created_at, created_by, deleted_at, deleted_by, modified_at, modified_by, code, confirmed, is_sent, note, recipient, basic_id, collection_id, estimate_id, pdf_file_id, project_id, writer_id) VALUES (1, '2022-10-25 12:29:48.654141', 1, null, null, '2022-10-25 12:29:53.538080', 1, 'C2200101', true, true, null, 'a', 1, 1, 1, null, 1, 1);
INSERT INTO hywtl_has_api.project_contract_basic (id, created_at, created_by, deleted_at, deleted_by, modified_at, modified_by, contract_date, contractor_address, contractor_ceo_name, contractor_company_name, description, orderer_address, orderer_ceo_name, orderer_company_name, outcome, service_duration, service_name) VALUES (1, '2022-10-25 12:29:48.656141', 1, null, null, null, 1, '2022-10-25', '경기도 안산시 상록구 한양대학로55, 한양대학교 풍환경실험관 2층', '이종원', '(주)한양풍동실험연구소', '본 풍동실험 용역을 체결함에 있어서 발주자(이하 “갑”)와 수급자(이하 “을”)는 위의 내용을 상호확인하고 계약상의 업무를 성실히 수행할 것을 확약한다. 본 계약의 증거로써 용역계약서를 2통씩 작성하여 기명날인(또는 서명)하고 “갑”과 “을”은 각 1부씩 보관한다.', null, null, null, '최종보고서 5부(인쇄본)과 1개 전자본(PDF 파일)', '용역개시일(착수보고 시) ~ 용역완료일(최종보고서 인도)', '서울 반포 자이 풍동 실험');
INSERT INTO hywtl_has_api.project_contract_collection (id, created_at, created_by, deleted_at, deleted_by, modified_at, modified_by, stage_note, total_amount, total_amount_note) VALUES (1, '2022-10-25 12:29:48.660140', 1, null, null, null, 1, '다음의 기성단계 별 해당금액을 현금으로 지급', 1600000, 'VAT 포함');
INSERT INTO hywtl_has_api.project_contract_collection_stage_list (expected_date, project_contract_collection_id, amount, name, note, rate) VALUES ('2022-11-30', 1, 480000, '계약금', '계약 체결 시', 30);
INSERT INTO hywtl_has_api.project_contract_collection_stage_list (expected_date, project_contract_collection_id, amount, name, note, rate) VALUES ('2023-01-11', 1, 800000, '중도금', '구조 설계용 풍하중 납품 시', 50);
INSERT INTO hywtl_has_api.project_contract_collection_stage_list (expected_date, project_contract_collection_id, amount, name, note, rate) VALUES ('2023-02-22', 1, 320000, '잔금', '최종 보고서 납품 시', 20);
INSERT INTO hywtl_has_api.project_contract_condition (id, created_at, created_by, deleted_at, deleted_by, modified_at, modified_by, title) VALUES (1, '2022-10-25 12:29:48.663141', 1, null, null, null, 1, '【제1조 목적】');
INSERT INTO hywtl_has_api.project_contract_condition (id, created_at, created_by, deleted_at, deleted_by, modified_at, modified_by, title) VALUES (10, '2022-10-25 12:29:48.670138', 1, null, null, null, 1, '【제10조 계약의 해지】');
INSERT INTO hywtl_has_api.project_contract_condition (id, created_at, created_by, deleted_at, deleted_by, modified_at, modified_by, title) VALUES (11, '2022-10-25 12:29:48.671139', 1, null, null, null, 1, '【제11조 손해배상】');
INSERT INTO hywtl_has_api.project_contract_condition (id, created_at, created_by, deleted_at, deleted_by, modified_at, modified_by, title) VALUES (12, '2022-10-25 12:29:48.671139', 1, null, null, null, 1, '【제12조 중재】');
INSERT INTO hywtl_has_api.project_contract_condition (id, created_at, created_by, deleted_at, deleted_by, modified_at, modified_by, title) VALUES (13, '2022-10-25 12:29:48.672141', 1, null, null, null, 1, '【제13조 해석】');
INSERT INTO hywtl_has_api.project_contract_condition (id, created_at, created_by, deleted_at, deleted_by, modified_at, modified_by, title) VALUES (14, '2022-10-25 12:29:48.672141', 1, null, null, null, 1, '【제14조 용역비 지급】');
INSERT INTO hywtl_has_api.project_contract_condition (id, created_at, created_by, deleted_at, deleted_by, modified_at, modified_by, title) VALUES (15, '2022-10-25 12:29:48.673141', 1, null, null, null, 1, '【제15조 특기사항】');
INSERT INTO hywtl_has_api.project_contract_condition (id, created_at, created_by, deleted_at, deleted_by, modified_at, modified_by, title) VALUES (2, '2022-10-25 12:29:48.665141', 1, null, null, null, 1, '【제2조 범위】');
INSERT INTO hywtl_has_api.project_contract_condition (id, created_at, created_by, deleted_at, deleted_by, modified_at, modified_by, title) VALUES (3, '2022-10-25 12:29:48.666139', 1, null, null, null, 1, '【제3조 용역기간】');
INSERT INTO hywtl_has_api.project_contract_condition (id, created_at, created_by, deleted_at, deleted_by, modified_at, modified_by, title) VALUES (4, '2022-10-25 12:29:48.667141', 1, null, null, null, 1, '【제4조 최종보고서 제출】');
INSERT INTO hywtl_has_api.project_contract_condition (id, created_at, created_by, deleted_at, deleted_by, modified_at, modified_by, title) VALUES (5, '2022-10-25 12:29:48.668139', 1, null, null, null, 1, '【제5조 신의성실 및 상호협조】');
INSERT INTO hywtl_has_api.project_contract_condition (id, created_at, created_by, deleted_at, deleted_by, modified_at, modified_by, title) VALUES (6, '2022-10-25 12:29:48.668139', 1, null, null, null, 1, '【제6조 비밀보장】');
INSERT INTO hywtl_has_api.project_contract_condition (id, created_at, created_by, deleted_at, deleted_by, modified_at, modified_by, title) VALUES (7, '2022-10-25 12:29:48.669139', 1, null, null, null, 1, '【제7조 용역결과 발생되는 물품의 귀속】');
INSERT INTO hywtl_has_api.project_contract_condition (id, created_at, created_by, deleted_at, deleted_by, modified_at, modified_by, title) VALUES (8, '2022-10-25 12:29:48.669139', 1, null, null, null, 1, '【제8조 실험모형의 보존】');
INSERT INTO hywtl_has_api.project_contract_condition (id, created_at, created_by, deleted_at, deleted_by, modified_at, modified_by, title) VALUES (9, '2022-10-25 12:29:48.670138', 1, null, null, null, 1, '【제9조 권리양도의 제한】');
INSERT INTO hywtl_has_api.project_contract_condition_description_list (project_contract_condition_id, description_list) VALUES (1, '본 계약의 목적은 “갑”과 “을”의 상호 신뢰를 바탕으로 원활한 용역을 수행하기 위함이다.');
INSERT INTO hywtl_has_api.project_contract_condition_description_list (project_contract_condition_id, description_list) VALUES (10, '① (“갑”의 해지) “을”이 본 용역을 수행할 능력이 없다고 인정될 경우, “갑”은  1개월 이상의 기간을 정하여 “을”에게 해지의 의사를 통보하여 협의한 후 본 계약을 해지할 수 있다.');
INSERT INTO hywtl_has_api.project_contract_condition_description_list (project_contract_condition_id, description_list) VALUES (10, '② (“을”의 해지) “갑”이 본 계약을 위배하여 원활한 용역수행이 극히 곤란하다고 인정될 경우 “을”은 1개월 이상의 기간을 정하여 “갑”에게 이의 개선을 최고한 후 그 기간 내에 현저한 개선사실이 없을 경우에는 본 계약을 해지할 수 있다.');
INSERT INTO hywtl_has_api.project_contract_condition_description_list (project_contract_condition_id, description_list) VALUES (10, '③ (해지협의) 본조 제①항 및 제②항에 의하여 계약이 해지될 경우에는 “을”은 해지된 날로부터 1개월 이내에 해지 시까지의 용역비 집행정산서 및 해지 시까지의 용역보고서를 “갑”에게 제출하고, 용역비의 미집행분에 한하여 “갑”에게 반환한다. 다만, 해지의 책임이 “갑”에게 있을 경우 용역비의 미집행 분을 “갑”은 “을에게 청구할 수 없다.');
INSERT INTO hywtl_has_api.project_contract_condition_description_list (project_contract_condition_id, description_list) VALUES (10, '④ (기타) 기타 해지에 필요한 사항은 “갑”과 “을” 쌍방의 합의에 의한다.');
INSERT INTO hywtl_has_api.project_contract_condition_description_list (project_contract_condition_id, description_list) VALUES (11, '① “갑”과 “을”은 상대방이 이 계약을 위반하거나 업무상과실 또는 【제10조 계약의 해지】에 의한 손해가 발생한 때에는 용역대가의 범위(용역비) 내에서 상대방에게 손해배상을 청구할 수 있다.');
INSERT INTO hywtl_has_api.project_contract_condition_description_list (project_contract_condition_id, description_list) VALUES (11, '② 천재, 폭발, 태풍, 폭우, 전쟁 등의 천재지변이나 계엄선포 등의 법률적 제재, 실험장비의 고장, 수리 등에 의해 지연된 경우 또는 파업, 폭동 등 계약 당사자 간의 권한과 능력이외의 사정으로 인하여 “갑” 또는 “을”이 본 계약의 이행에 차질을 초래하였을 경우 이에 따른 손해, 손실에 대하여는 “갑” “을” 상호간에 변상의 책임을 지지 아니한다.');
INSERT INTO hywtl_has_api.project_contract_condition_description_list (project_contract_condition_id, description_list) VALUES (12, '계약기간 중 또는 계약종료 후 본 계약의 해석 또는 계약의 효력, 또는 권리와 의무에 대하여 양자 간의 분쟁이 발생했을 때에는 그 분쟁은 중재에 의해 해결한다.');
INSERT INTO hywtl_has_api.project_contract_condition_description_list (project_contract_condition_id, description_list) VALUES (13, '본 계약에 명기되지 아니한 사항 및 본 계약의 해석상 이의가 있을 때에는 쌍방의 합의 또는 통상의 관행에 따른다.');
INSERT INTO hywtl_has_api.project_contract_condition_description_list (project_contract_condition_id, description_list) VALUES (14, '본 용역비의 지급 시기 및 비율은 “갑”과 “을”의 상호 간 협의를 통하여 결정하며, “갑”은 지급 시기 30일 이내에 해당 용역비를 “을”에게 지급하여야 한다.');
INSERT INTO hywtl_has_api.project_contract_condition_description_list (project_contract_condition_id, description_list) VALUES (15, '① 풍동실험 대상 건축물은 “갑”의 요구에 따라 건축물안전영향평가를 위한 2개동에 대한 풍동실험을 수행한다.');
INSERT INTO hywtl_has_api.project_contract_condition_description_list (project_contract_condition_id, description_list) VALUES (15, '② 실험항목은 동에 대한 풍력실험, 공기력진동실험, 풍압실험 및 단지에 대한 풍환경실험이며, 양자협의에 따라 변경할 수 있다.');
INSERT INTO hywtl_has_api.project_contract_condition_description_list (project_contract_condition_id, description_list) VALUES (15, '③ 실험결과는 실험대상 건축물에 한하여 분석하고 보고서에 수록한다.');
INSERT INTO hywtl_has_api.project_contract_condition_description_list (project_contract_condition_id, description_list) VALUES (15, '④ 풍력실험의 풍향각은 전풍향에 대하여 36개 방위(10° 간격)를 수행한다.');
INSERT INTO hywtl_has_api.project_contract_condition_description_list (project_contract_condition_id, description_list) VALUES (15, '⑤ ➃에 따라 특정 풍향각에서 풍진동이 심히 우려되는 경우에 한하여 0개동에 대해 공기력 진동실험을 수행하여 부가적인 진동특성을 재평가할 수 있으며, (￦0-부가세별도)과 0주의 기간이 추가된다.');
INSERT INTO hywtl_has_api.project_contract_condition_description_list (project_contract_condition_id, description_list) VALUES (15, '⑥ 풍압실험의 풍향각은 전풍향에 대하여 36개 방위(10° 간격)를 수행하며, 각 동의 풍압공의 개수는 250개 내외로 한다.');
INSERT INTO hywtl_has_api.project_contract_condition_description_list (project_contract_condition_id, description_list) VALUES (15, '⑦ 풍환경실험의 풍향각은 전풍향에 대하여 16개 방위(22.5° 간격)를 수행하며, 단지내 풍속계측소는 50개 내외로 한다. 단, 풍쾌적도 및 풍안전도 개선조치 평가가 필요할 경우 추가적인 비용과 기간이 발생할 수 있음.');
INSERT INTO hywtl_has_api.project_contract_condition_description_list (project_contract_condition_id, description_list) VALUES (15, '⑧ 본 용역비는 "구조설계사무소 구조검토비용“ 일금육십만원정(￦600,000-부가세별도)이 포함되어 있다.');
INSERT INTO hywtl_has_api.project_contract_condition_description_list (project_contract_condition_id, description_list) VALUES (15, '⑨ 본 용역은 ‘건축물 안전영향평가’를 위한 것이며, ‘구조안전심의(실시설계)‘를 위한 용역은 포함 되어 있지 않음.');
INSERT INTO hywtl_has_api.project_contract_condition_description_list (project_contract_condition_id, description_list) VALUES (15, '➉ 본 용역은 모형제작 및 풍동실험 각1회로 수행되며, 용역개시일에 받은 ‘건축설계도서’로 진행된다. 다만, 도서 변동으로 인한 모형재제작 및 재실험 발생 시 추가금액과 기간이 발생한다.');
INSERT INTO hywtl_has_api.project_contract_condition_description_list (project_contract_condition_id, description_list) VALUES (2, '본 계약의 범위는 【제15조 특기사항】의 수행범위와 같고, “을”이 용역을 완료한 후 “갑”에게 제공하는 최종결과는 특기사항에 한한다.');
INSERT INTO hywtl_has_api.project_contract_condition_description_list (project_contract_condition_id, description_list) VALUES (3, '① 본 계약의 기간은 ‘용역개시일‘로부터 ’용역완료일’까지이다. 단, “갑”과 “을” 쌍방의 합의에 의하여 계약기간을 변경할 수 있다.');
INSERT INTO hywtl_has_api.project_contract_condition_description_list (project_contract_condition_id, description_list) VALUES (3, '② (용역개시일)은 ‘계약금’과 모형제작을 위한 ‘건축설계도서’, ‘구조동특성 자료’를 수급한 이후 “을”이 “갑”에게 용역개시(착수보고)를 통보한 날을 기준으로 한다.');
INSERT INTO hywtl_has_api.project_contract_condition_description_list (project_contract_condition_id, description_list) VALUES (3, '③ (용역완료일)은 “을”이 용역결과를 “갑”에게 제출하고 그 결과물로 풍동실험 최종보고서를 납품완료한 날을 기준으로 한다. 다만, “갑”과 “을”을 협의에 의하여 용역완료일을 따로 정할 수 있다.');
INSERT INTO hywtl_has_api.project_contract_condition_description_list (project_contract_condition_id, description_list) VALUES (4, '“을”은 용역이 완료된 후 본 용역결과에 관한 최종보고서 5부(인쇄본)를 “갑”에게 제출하여야 한다.');
INSERT INTO hywtl_has_api.project_contract_condition_description_list (project_contract_condition_id, description_list) VALUES (5, '① (신의성실) “갑”과 “을”은 신의를 가지고 본 계약의 각 조항을 성실히 이행하여야 한다.');
INSERT INTO hywtl_has_api.project_contract_condition_description_list (project_contract_condition_id, description_list) VALUES (5, '② (상호협조) “을”은 전 용역과정을 통하여 “갑”의 요청이 있을 때에는 수시로 용역내용에 관하여 “갑”과 협의하여야 하며, “갑” 또한 본 용역과 관련하여 필요한 사항을 “을”에게 적극 협조하여야 한다.');
INSERT INTO hywtl_has_api.project_contract_condition_description_list (project_contract_condition_id, description_list) VALUES (5, '③ (규정준수) “갑”이 용역수행에 필요한 인력, 재료, 기자재 및 시설 등을 출자하는 경우에는 “을”의 제반규정을 준수하여야 한다.');
INSERT INTO hywtl_has_api.project_contract_condition_description_list (project_contract_condition_id, description_list) VALUES (6, '“갑”과 “을”은 상호 상대방의 승인 없이는 본 용역과 관련하여 취득한 상대방의 비밀을 외부에 공개 또는 제공하지 아니한다.  다만, 이 조항은 상호 일반적인 기업활동이나 연구활동에 대하여는 적용되지 아니한다.');
INSERT INTO hywtl_has_api.project_contract_condition_description_list (project_contract_condition_id, description_list) VALUES (7, '본 용역결과로 발생하는 실험모형은 제작 기술보호를 위하여 “을”의 소유로 하고, 발생기자재 및 시설은 “을”의 소유로 한다.');
INSERT INTO hywtl_has_api.project_contract_condition_description_list (project_contract_condition_id, description_list) VALUES (8, '“을“은 본 용역결과로 발생하는 실험모형에 대하여 용역완료일 이후 2개월간 보존하며, 의무보존기간 이후 ”을“이 임의로 폐기할 수 있다. 다만, 보존기간은 ”갑“과 ”을“의 협의에 의해 변경할 수 있다.');
INSERT INTO hywtl_has_api.project_contract_condition_description_list (project_contract_condition_id, description_list) VALUES (9, '“갑”과 “을”은 상호 상대방의 동의 없이 본 계약에 의하여 취득되는 제반권리를 제 3자에게 제공하거나 양도할 수 없다.');
INSERT INTO hywtl_has_api.project_contract_condition_list (project_contract_id, condition_list_id) VALUES (1, 1);
INSERT INTO hywtl_has_api.project_contract_condition_list (project_contract_id, condition_list_id) VALUES (1, 10);
INSERT INTO hywtl_has_api.project_contract_condition_list (project_contract_id, condition_list_id) VALUES (1, 11);
INSERT INTO hywtl_has_api.project_contract_condition_list (project_contract_id, condition_list_id) VALUES (1, 12);
INSERT INTO hywtl_has_api.project_contract_condition_list (project_contract_id, condition_list_id) VALUES (1, 13);
INSERT INTO hywtl_has_api.project_contract_condition_list (project_contract_id, condition_list_id) VALUES (1, 14);
INSERT INTO hywtl_has_api.project_contract_condition_list (project_contract_id, condition_list_id) VALUES (1, 15);
INSERT INTO hywtl_has_api.project_contract_condition_list (project_contract_id, condition_list_id) VALUES (1, 2);
INSERT INTO hywtl_has_api.project_contract_condition_list (project_contract_id, condition_list_id) VALUES (1, 3);
INSERT INTO hywtl_has_api.project_contract_condition_list (project_contract_id, condition_list_id) VALUES (1, 4);
INSERT INTO hywtl_has_api.project_contract_condition_list (project_contract_id, condition_list_id) VALUES (1, 5);
INSERT INTO hywtl_has_api.project_contract_condition_list (project_contract_id, condition_list_id) VALUES (1, 6);
INSERT INTO hywtl_has_api.project_contract_condition_list (project_contract_id, condition_list_id) VALUES (1, 7);
INSERT INTO hywtl_has_api.project_contract_condition_list (project_contract_id, condition_list_id) VALUES (1, 8);
INSERT INTO hywtl_has_api.project_contract_condition_list (project_contract_id, condition_list_id) VALUES (1, 9);
INSERT INTO hywtl_has_api.project_estimate (id, created_at, created_by, deleted_at, deleted_by, modified_at, modified_by, code, confirmed, is_lh, is_sent, note, discount_amount, estimate_date, expected_final_report_deadline, expected_service_date, expected_test_deadline, review_amount, test_amount, total_amount, recipient, type, business_id, manager1_id, manager2_id, project_id, writer_id, file_id) VALUES (1, '2022-10-14 14:22:12.143779', 1, null, null, '2022-10-25 12:29:29.775287', 1, 'Q2200101', false, null, false, null, 130000, '2022-10-14', 12, '2022-11-30', 6, 600000, 1130000, 1600000, 'abs', 'SYSTEM', 1, 1, 2, 1, 1, null);
INSERT INTO hywtl_has_api.project_estimate_building_list (project_estimate_id, building_list_id) VALUES (1, 3);
INSERT INTO hywtl_has_api.project_estimate_building_list (project_estimate_id, building_list_id) VALUES (1, 4);
INSERT INTO hywtl_has_api.project_estimate_complex_building (id, created_at, created_by, deleted_at, deleted_by, modified_at, modified_by, base_area, estimate_evaluation_difficulty, estimate_figure_difficulty, estimate_report_difficulty, estimate_test_difficulty, floor_count, height, in_test, name, ratio, shape, building_document_id, site_id) VALUES (1, '2022-10-14 14:22:12.215200', 1, null, null, '2022-10-14 14:22:12.316707', 1, 18508, null, null, null, null, 29, 81, true, '101호', 0.5953951237293675, 'L type', null, 1);
INSERT INTO hywtl_has_api.project_estimate_complex_building (id, created_at, created_by, deleted_at, deleted_by, modified_at, modified_by, base_area, estimate_evaluation_difficulty, estimate_figure_difficulty, estimate_report_difficulty, estimate_test_difficulty, floor_count, height, in_test, name, ratio, shape, building_document_id, site_id) VALUES (2, '2022-10-14 14:22:12.219646', 1, null, null, '2022-10-14 14:22:12.317708', 1, 18508, null, null, null, null, 29, 81, true, '102호', 0.5953951237293675, 'L type', null, null);
INSERT INTO hywtl_has_api.project_estimate_complex_building (id, created_at, created_by, deleted_at, deleted_by, modified_at, modified_by, base_area, estimate_evaluation_difficulty, estimate_figure_difficulty, estimate_report_difficulty, estimate_test_difficulty, floor_count, height, in_test, name, ratio, shape, building_document_id, site_id) VALUES (3, '2022-10-25 12:29:29.588289', 1, null, null, '2022-10-25 12:29:29.780288', 1, 18508, null, null, null, null, 29, 81, true, '101호', 0.5953951237293675, 'L type', null, null);
INSERT INTO hywtl_has_api.project_estimate_complex_building (id, created_at, created_by, deleted_at, deleted_by, modified_at, modified_by, base_area, estimate_evaluation_difficulty, estimate_figure_difficulty, estimate_report_difficulty, estimate_test_difficulty, floor_count, height, in_test, name, ratio, shape, building_document_id, site_id) VALUES (4, '2022-10-25 12:29:29.589288', 1, null, null, '2022-10-25 12:29:29.780288', 1, 18508, null, null, null, null, 29, 81, true, '102호', 0.5953951237293675, 'L type', null, null);
INSERT INTO hywtl_has_api.project_estimate_complex_building_condition_list (project_estimate_complex_building_id, condition_list) VALUES (1, '3');
INSERT INTO hywtl_has_api.project_estimate_complex_building_condition_list (project_estimate_complex_building_id, condition_list) VALUES (1, '3');
INSERT INTO hywtl_has_api.project_estimate_complex_building_condition_list (project_estimate_complex_building_id, condition_list) VALUES (2, '3');
INSERT INTO hywtl_has_api.project_estimate_complex_building_condition_list (project_estimate_complex_building_id, condition_list) VALUES (3, '3');
INSERT INTO hywtl_has_api.project_estimate_complex_building_condition_list (project_estimate_complex_building_id, condition_list) VALUES (4, '3');
INSERT INTO hywtl_has_api.project_estimate_complex_building_test_type_list (project_estimate_complex_building_id, test_type_list) VALUES (1, 1);
INSERT INTO hywtl_has_api.project_estimate_complex_building_test_type_list (project_estimate_complex_building_id, test_type_list) VALUES (2, 1);
INSERT INTO hywtl_has_api.project_estimate_complex_building_test_type_list (project_estimate_complex_building_id, test_type_list) VALUES (2, 2);
INSERT INTO hywtl_has_api.project_estimate_complex_building_test_type_list (project_estimate_complex_building_id, test_type_list) VALUES (3, 1);
INSERT INTO hywtl_has_api.project_estimate_complex_building_test_type_list (project_estimate_complex_building_id, test_type_list) VALUES (4, 1);
INSERT INTO hywtl_has_api.project_estimate_complex_building_test_type_list (project_estimate_complex_building_id, test_type_list) VALUES (4, 2);
INSERT INTO hywtl_has_api.project_estimate_complex_site (id, created_at, created_by, deleted_at, deleted_by, modified_at, modified_by, estimate_figure_difficulty, figure_difficulty, name, with_environment_test, manager_id) VALUES (1, '2022-10-14 14:22:12.169468', 1, null, null, null, 1, '중', '중하', '1단지 대지모형', true, 2);
INSERT INTO hywtl_has_api.project_estimate_complex_site (id, created_at, created_by, deleted_at, deleted_by, modified_at, modified_by, estimate_figure_difficulty, figure_difficulty, name, with_environment_test, manager_id) VALUES (2, '2022-10-25 12:29:29.552289', 1, null, null, null, 1, '중', '중하', '1단지 대지모형', true, null);
INSERT INTO hywtl_has_api.project_estimate_site_list (project_estimate_id, site_list_id) VALUES (1, 2);
INSERT INTO hywtl_has_api.project_estimate_template (id, created_at, created_by, deleted_at, deleted_by, modified_at, modified_by, test_type, title) VALUES (1, '2022-10-14 14:22:12.176285', 1, null, null, null, 1, 'COMMON', '자연기류 형성');
INSERT INTO hywtl_has_api.project_estimate_template (id, created_at, created_by, deleted_at, deleted_by, modified_at, modified_by, test_type, title) VALUES (10, '2022-10-25 12:29:29.577289', 1, null, null, '2022-10-25 12:29:29.777287', 1, 'P', '외장재설계용 풍하중');
INSERT INTO hywtl_has_api.project_estimate_template (id, created_at, created_by, deleted_at, deleted_by, modified_at, modified_by, test_type, title) VALUES (11, '2022-10-25 12:29:29.578289', 1, null, null, '2022-10-25 12:29:29.778290', 1, 'E', '보행자 풍쾌적도 및 풍안전도');
INSERT INTO hywtl_has_api.project_estimate_template (id, created_at, created_by, deleted_at, deleted_by, modified_at, modified_by, test_type, title) VALUES (12, '2022-10-25 12:29:29.581290', 1, null, null, '2022-10-25 12:29:29.779290', 1, 'REVIEW', '구조설계사 구조협력');
INSERT INTO hywtl_has_api.project_estimate_template (id, created_at, created_by, deleted_at, deleted_by, modified_at, modified_by, test_type, title) VALUES (2, '2022-10-14 14:22:12.176285', 1, null, null, null, 1, 'F', '주골조설계용 풍하중');
INSERT INTO hywtl_has_api.project_estimate_template (id, created_at, created_by, deleted_at, deleted_by, modified_at, modified_by, test_type, title) VALUES (3, '2022-10-14 14:22:12.176285', 1, null, null, null, 1, 'A', '부가적인 공기력진동');
INSERT INTO hywtl_has_api.project_estimate_template (id, created_at, created_by, deleted_at, deleted_by, modified_at, modified_by, test_type, title) VALUES (4, '2022-10-14 14:22:12.193354', 1, null, null, null, 1, 'P', '외장재설계용 풍하중');
INSERT INTO hywtl_has_api.project_estimate_template (id, created_at, created_by, deleted_at, deleted_by, modified_at, modified_by, test_type, title) VALUES (5, '2022-10-14 14:22:12.196471', 1, null, null, null, 1, 'E', '보행자 풍쾌적도 및 풍안전도');
INSERT INTO hywtl_has_api.project_estimate_template (id, created_at, created_by, deleted_at, deleted_by, modified_at, modified_by, test_type, title) VALUES (6, '2022-10-14 14:22:12.203508', 1, null, null, null, 1, 'REVIEW', '구조설계사 구조협력');
INSERT INTO hywtl_has_api.project_estimate_template (id, created_at, created_by, deleted_at, deleted_by, modified_at, modified_by, test_type, title) VALUES (7, '2022-10-25 12:29:29.565288', 1, null, null, '2022-10-25 12:29:29.775287', 1, 'COMMON', '자연기류 형성');
INSERT INTO hywtl_has_api.project_estimate_template (id, created_at, created_by, deleted_at, deleted_by, modified_at, modified_by, test_type, title) VALUES (8, '2022-10-25 12:29:29.572289', 1, null, null, '2022-10-25 12:29:29.776289', 1, 'F', '주골조설계용 풍하중');
INSERT INTO hywtl_has_api.project_estimate_template (id, created_at, created_by, deleted_at, deleted_by, modified_at, modified_by, test_type, title) VALUES (9, '2022-10-25 12:29:29.575287', 1, null, null, '2022-10-25 12:29:29.777287', 1, 'A', '부가적인 공기력진동');
INSERT INTO hywtl_has_api.project_estimate_template_detail (id, created_at, created_by, deleted_at, deleted_by, modified_at, modified_by, in_use, note, test_count, total_amount, unit, unit_amount) VALUES (1, '2022-10-14 14:22:12.176285', 1, null, null, null, 1, true, '글로벌 수준 ESDU 기반', 1, 500000, 'SITE', 500000);
INSERT INTO hywtl_has_api.project_estimate_template_detail (id, created_at, created_by, deleted_at, deleted_by, modified_at, modified_by, in_use, note, test_count, total_amount, unit, unit_amount) VALUES (10, '2022-10-25 12:29:29.576289', 1, null, null, '2022-10-25 12:29:29.777287', 1, false, '(2)항 평가 후 필요 시 수행', 0, 0, 'BUILDING', 30000000);
INSERT INTO hywtl_has_api.project_estimate_template_detail (id, created_at, created_by, deleted_at, deleted_by, modified_at, modified_by, in_use, note, test_count, total_amount, unit, unit_amount) VALUES (11, '2022-10-25 12:29:29.578289', 1, null, null, '2022-10-25 12:29:29.778290', 1, false, '국토교통부 풍동실험 가이드라인', 1, 0, 'BUILDING', 8500000);
INSERT INTO hywtl_has_api.project_estimate_template_detail (id, created_at, created_by, deleted_at, deleted_by, modified_at, modified_by, in_use, note, test_count, total_amount, unit, unit_amount) VALUES (12, '2022-10-25 12:29:29.579289', 1, null, null, '2022-10-25 12:29:29.778290', 1, true, '국토교통부 빌딩풍 가이드라인', 1, 180000, 'SITE', 180000);
INSERT INTO hywtl_has_api.project_estimate_template_detail (id, created_at, created_by, deleted_at, deleted_by, modified_at, modified_by, in_use, note, test_count, total_amount, unit, unit_amount) VALUES (13, '2022-10-25 12:29:29.580290', 1, null, null, '2022-10-25 12:29:29.779290', 1, true, '개선방안 요구 시', 1, 150000, 'SITE', 150000);
INSERT INTO hywtl_has_api.project_estimate_template_detail (id, created_at, created_by, deleted_at, deleted_by, modified_at, modified_by, in_use, note, test_count, total_amount, unit, unit_amount) VALUES (14, '2022-10-25 12:29:29.582290', 1, null, null, '2022-10-25 12:29:29.779290', 1, true, '(2)항 업무와 연계', 2, 600000, 'BUILDING', 300000);
INSERT INTO hywtl_has_api.project_estimate_template_detail (id, created_at, created_by, deleted_at, deleted_by, modified_at, modified_by, in_use, note, test_count, total_amount, unit, unit_amount) VALUES (2, '2022-10-14 14:22:12.176285', 1, null, null, null, 1, true, '국토교통부 풍동실험 가이드라인', 2, 300000, 'BUILDING', 150000);
INSERT INTO hywtl_has_api.project_estimate_template_detail (id, created_at, created_by, deleted_at, deleted_by, modified_at, modified_by, in_use, note, test_count, total_amount, unit, unit_amount) VALUES (3, '2022-10-14 14:22:12.176285', 1, null, null, null, 1, false, '(2)항 평가 후 필요 시 수행', 0, 0, 'BUILDING', 30000000);
INSERT INTO hywtl_has_api.project_estimate_template_detail (id, created_at, created_by, deleted_at, deleted_by, modified_at, modified_by, in_use, note, test_count, total_amount, unit, unit_amount) VALUES (4, '2022-10-14 14:22:12.195354', 1, null, null, null, 1, false, '국토교통부 풍동실험 가이드라인', 1, 0, 'BUILDING', 8500000);
INSERT INTO hywtl_has_api.project_estimate_template_detail (id, created_at, created_by, deleted_at, deleted_by, modified_at, modified_by, in_use, note, test_count, total_amount, unit, unit_amount) VALUES (5, '2022-10-14 14:22:12.196471', 1, null, null, null, 1, true, '국토교통부 빌딩풍 가이드라인', 1, 180000, 'SITE', 180000);
INSERT INTO hywtl_has_api.project_estimate_template_detail (id, created_at, created_by, deleted_at, deleted_by, modified_at, modified_by, in_use, note, test_count, total_amount, unit, unit_amount) VALUES (6, '2022-10-14 14:22:12.201509', 1, null, null, null, 1, true, '개선방안 요구 시', 1, 150000, 'SITE', 150000);
INSERT INTO hywtl_has_api.project_estimate_template_detail (id, created_at, created_by, deleted_at, deleted_by, modified_at, modified_by, in_use, note, test_count, total_amount, unit, unit_amount) VALUES (7, '2022-10-14 14:22:12.205509', 1, null, null, null, 1, true, '(2)항 업무와 연계', 2, 600000, 'BUILDING', 300000);
INSERT INTO hywtl_has_api.project_estimate_template_detail (id, created_at, created_by, deleted_at, deleted_by, modified_at, modified_by, in_use, note, test_count, total_amount, unit, unit_amount) VALUES (8, '2022-10-25 12:29:29.570287', 1, null, null, '2022-10-25 12:29:29.776289', 1, true, '글로벌 수준 ESDU 기반', 1, 500000, 'SITE', 500000);
INSERT INTO hywtl_has_api.project_estimate_template_detail (id, created_at, created_by, deleted_at, deleted_by, modified_at, modified_by, in_use, note, test_count, total_amount, unit, unit_amount) VALUES (9, '2022-10-25 12:29:29.573287', 1, null, null, '2022-10-25 12:29:29.776289', 1, true, '국토교통부 풍동실험 가이드라인', 2, 300000, 'BUILDING', 150000);
INSERT INTO hywtl_has_api.project_estimate_template_detail_list (project_estimate_template_id, detail_list_id) VALUES (1, 1);
INSERT INTO hywtl_has_api.project_estimate_template_detail_list (project_estimate_template_id, detail_list_id) VALUES (10, 11);
INSERT INTO hywtl_has_api.project_estimate_template_detail_list (project_estimate_template_id, detail_list_id) VALUES (11, 12);
INSERT INTO hywtl_has_api.project_estimate_template_detail_list (project_estimate_template_id, detail_list_id) VALUES (11, 13);
INSERT INTO hywtl_has_api.project_estimate_template_detail_list (project_estimate_template_id, detail_list_id) VALUES (12, 14);
INSERT INTO hywtl_has_api.project_estimate_template_detail_list (project_estimate_template_id, detail_list_id) VALUES (2, 2);
INSERT INTO hywtl_has_api.project_estimate_template_detail_list (project_estimate_template_id, detail_list_id) VALUES (3, 3);
INSERT INTO hywtl_has_api.project_estimate_template_detail_list (project_estimate_template_id, detail_list_id) VALUES (4, 4);
INSERT INTO hywtl_has_api.project_estimate_template_detail_list (project_estimate_template_id, detail_list_id) VALUES (5, 5);
INSERT INTO hywtl_has_api.project_estimate_template_detail_list (project_estimate_template_id, detail_list_id) VALUES (5, 6);
INSERT INTO hywtl_has_api.project_estimate_template_detail_list (project_estimate_template_id, detail_list_id) VALUES (6, 7);
INSERT INTO hywtl_has_api.project_estimate_template_detail_list (project_estimate_template_id, detail_list_id) VALUES (7, 8);
INSERT INTO hywtl_has_api.project_estimate_template_detail_list (project_estimate_template_id, detail_list_id) VALUES (8, 9);
INSERT INTO hywtl_has_api.project_estimate_template_detail_list (project_estimate_template_id, detail_list_id) VALUES (9, 10);
INSERT INTO hywtl_has_api.project_estimate_template_detail_title_list (project_estimate_template_detail_id, title_list) VALUES (1, '대상부지 지표면조도구분 판정');
INSERT INTO hywtl_has_api.project_estimate_template_detail_title_list (project_estimate_template_detail_id, title_list) VALUES (1, '대지주변 건물모델링 및 모형제작');
INSERT INTO hywtl_has_api.project_estimate_template_detail_title_list (project_estimate_template_detail_id, title_list) VALUES (1, '재현기간 별 기본풍속 평가');
INSERT INTO hywtl_has_api.project_estimate_template_detail_title_list (project_estimate_template_detail_id, title_list) VALUES (1, '풍동실험을 위한 맞춤형 자연기류 형성');
INSERT INTO hywtl_has_api.project_estimate_template_detail_title_list (project_estimate_template_detail_id, title_list) VALUES (10, '공기력불안정진동 발생여부 평가');
INSERT INTO hywtl_has_api.project_estimate_template_detail_title_list (project_estimate_template_detail_id, title_list) VALUES (10, '공기력진동실험을 위한 특수모형 제작');
INSERT INTO hywtl_has_api.project_estimate_template_detail_title_list (project_estimate_template_detail_id, title_list) VALUES (10, '공기력진동실험을 통한 수평변위 측정');
INSERT INTO hywtl_has_api.project_estimate_template_detail_title_list (project_estimate_template_detail_id, title_list) VALUES (10, '최종평가보고서');
INSERT INTO hywtl_has_api.project_estimate_template_detail_title_list (project_estimate_template_detail_id, title_list) VALUES (11, '외장재설계용 풍하중 평가');
INSERT INTO hywtl_has_api.project_estimate_template_detail_title_list (project_estimate_template_detail_id, title_list) VALUES (11, '최종평가보고서');
INSERT INTO hywtl_has_api.project_estimate_template_detail_title_list (project_estimate_template_detail_id, title_list) VALUES (11, '풍압실험을 위한 풍압 특수모형 제작');
INSERT INTO hywtl_has_api.project_estimate_template_detail_title_list (project_estimate_template_detail_id, title_list) VALUES (11, '풍압실험을 통한 풍압 측정(최대 250개소)');
INSERT INTO hywtl_has_api.project_estimate_template_detail_title_list (project_estimate_template_detail_id, title_list) VALUES (12, '보행자의 풍쾌적도 및 풍안전도 평가');
INSERT INTO hywtl_has_api.project_estimate_template_detail_title_list (project_estimate_template_detail_id, title_list) VALUES (12, '최종평가보고서');
INSERT INTO hywtl_has_api.project_estimate_template_detail_title_list (project_estimate_template_detail_id, title_list) VALUES (12, '풍압실험을 통한 풍압 측정(최대 70개소)');
INSERT INTO hywtl_has_api.project_estimate_template_detail_title_list (project_estimate_template_detail_id, title_list) VALUES (12, '풍환경실험을 위한 특수모형 제작');
INSERT INTO hywtl_has_api.project_estimate_template_detail_title_list (project_estimate_template_detail_id, title_list) VALUES (13, '풍쾌적도 및 풍안전도 개선 평가(최대 2회)');
INSERT INTO hywtl_has_api.project_estimate_template_detail_title_list (project_estimate_template_detail_id, title_list) VALUES (14, '구조물 동특성 자료 수급');
INSERT INTO hywtl_has_api.project_estimate_template_detail_title_list (project_estimate_template_detail_id, title_list) VALUES (14, '풍하중 검토 및 구조설계 반영');
INSERT INTO hywtl_has_api.project_estimate_template_detail_title_list (project_estimate_template_detail_id, title_list) VALUES (2, '주골조설계용 풍응답 평가(재해석 2회)');
INSERT INTO hywtl_has_api.project_estimate_template_detail_title_list (project_estimate_template_detail_id, title_list) VALUES (2, '중간요약본 및 최종평가보고서');
INSERT INTO hywtl_has_api.project_estimate_template_detail_title_list (project_estimate_template_detail_id, title_list) VALUES (2, '풍력실험을 위한 풍력 특수모형 제작');
INSERT INTO hywtl_has_api.project_estimate_template_detail_title_list (project_estimate_template_detail_id, title_list) VALUES (2, '풍력실험을 통한 풍하중 측정');
INSERT INTO hywtl_has_api.project_estimate_template_detail_title_list (project_estimate_template_detail_id, title_list) VALUES (3, '공기력불안정진동 발생여부 평가');
INSERT INTO hywtl_has_api.project_estimate_template_detail_title_list (project_estimate_template_detail_id, title_list) VALUES (3, '공기력진동실험을 위한 특수모형 제작');
INSERT INTO hywtl_has_api.project_estimate_template_detail_title_list (project_estimate_template_detail_id, title_list) VALUES (3, '공기력진동실험을 통한 수평변위 측정');
INSERT INTO hywtl_has_api.project_estimate_template_detail_title_list (project_estimate_template_detail_id, title_list) VALUES (3, '최종평가보고서');
INSERT INTO hywtl_has_api.project_estimate_template_detail_title_list (project_estimate_template_detail_id, title_list) VALUES (4, '외장재설계용 풍하중 평가');
INSERT INTO hywtl_has_api.project_estimate_template_detail_title_list (project_estimate_template_detail_id, title_list) VALUES (4, '최종평가보고서');
INSERT INTO hywtl_has_api.project_estimate_template_detail_title_list (project_estimate_template_detail_id, title_list) VALUES (4, '풍압실험을 위한 풍압 특수모형 제작');
INSERT INTO hywtl_has_api.project_estimate_template_detail_title_list (project_estimate_template_detail_id, title_list) VALUES (4, '풍압실험을 통한 풍압 측정(최대 250개소)');
INSERT INTO hywtl_has_api.project_estimate_template_detail_title_list (project_estimate_template_detail_id, title_list) VALUES (5, '보행자의 풍쾌적도 및 풍안전도 평가');
INSERT INTO hywtl_has_api.project_estimate_template_detail_title_list (project_estimate_template_detail_id, title_list) VALUES (5, '최종평가보고서');
INSERT INTO hywtl_has_api.project_estimate_template_detail_title_list (project_estimate_template_detail_id, title_list) VALUES (5, '풍압실험을 통한 풍압 측정(최대 70개소)');
INSERT INTO hywtl_has_api.project_estimate_template_detail_title_list (project_estimate_template_detail_id, title_list) VALUES (5, '풍환경실험을 위한 특수모형 제작');
INSERT INTO hywtl_has_api.project_estimate_template_detail_title_list (project_estimate_template_detail_id, title_list) VALUES (6, '풍쾌적도 및 풍안전도 개선 평가(최대 2회)');
INSERT INTO hywtl_has_api.project_estimate_template_detail_title_list (project_estimate_template_detail_id, title_list) VALUES (7, '구조물 동특성 자료 수급');
INSERT INTO hywtl_has_api.project_estimate_template_detail_title_list (project_estimate_template_detail_id, title_list) VALUES (7, '풍하중 검토 및 구조설계 반영');
INSERT INTO hywtl_has_api.project_estimate_template_detail_title_list (project_estimate_template_detail_id, title_list) VALUES (8, '대상부지 지표면조도구분 판정');
INSERT INTO hywtl_has_api.project_estimate_template_detail_title_list (project_estimate_template_detail_id, title_list) VALUES (8, '대지주변 건물모델링 및 모형제작');
INSERT INTO hywtl_has_api.project_estimate_template_detail_title_list (project_estimate_template_detail_id, title_list) VALUES (8, '재현기간 별 기본풍속 평가');
INSERT INTO hywtl_has_api.project_estimate_template_detail_title_list (project_estimate_template_detail_id, title_list) VALUES (8, '풍동실험을 위한 맞춤형 자연기류 형성');
INSERT INTO hywtl_has_api.project_estimate_template_detail_title_list (project_estimate_template_detail_id, title_list) VALUES (9, '주골조설계용 풍응답 평가(재해석 2회)');
INSERT INTO hywtl_has_api.project_estimate_template_detail_title_list (project_estimate_template_detail_id, title_list) VALUES (9, '중간요약본 및 최종평가보고서');
INSERT INTO hywtl_has_api.project_estimate_template_detail_title_list (project_estimate_template_detail_id, title_list) VALUES (9, '풍력실험을 위한 풍력 특수모형 제작');
INSERT INTO hywtl_has_api.project_estimate_template_detail_title_list (project_estimate_template_detail_id, title_list) VALUES (9, '풍력실험을 통한 풍하중 측정');
INSERT INTO hywtl_has_api.project_estimate_template_list (project_system_estimate_id, template_list_id) VALUES (1, 10);
INSERT INTO hywtl_has_api.project_estimate_template_list (project_system_estimate_id, template_list_id) VALUES (1, 11);
INSERT INTO hywtl_has_api.project_estimate_template_list (project_system_estimate_id, template_list_id) VALUES (1, 12);
INSERT INTO hywtl_has_api.project_estimate_template_list (project_system_estimate_id, template_list_id) VALUES (1, 7);
INSERT INTO hywtl_has_api.project_estimate_template_list (project_system_estimate_id, template_list_id) VALUES (1, 8);
INSERT INTO hywtl_has_api.project_estimate_template_list (project_system_estimate_id, template_list_id) VALUES (1, 9);
INSERT INTO hywtl_has_api.project_memo (id, created_at, created_by, deleted_at, deleted_by, modified_at, modified_by, category, description, project_id, writer_id) VALUES (1, '2022-08-24 16:15:57.266584', 1, null, null, null, null, 'LOG', '한양풍동실험연구소', 1, 1);
INSERT INTO hywtl_has_api.project_memo (id, created_at, created_by, deleted_at, deleted_by, modified_at, modified_by, category, description, project_id, writer_id) VALUES (2, '2022-08-24 16:16:08.677098', 1, null, null, null, null, 'BASIC', '메모 테스트', 1, 1);
INSERT INTO hywtl_has_api.project_system_estimate_content_list (project_system_estimate_id, content_list) VALUES (1, 'F type - d 1');
INSERT INTO hywtl_has_api.project_system_estimate_content_list (project_system_estimate_id, content_list) VALUES (1, 'F, P type - d 1');
INSERT INTO hywtl_has_api.project_system_estimate_content_list (project_system_estimate_id, content_list) VALUES (1, 'F, P type - d 2');
INSERT INTO hywtl_has_api.user (id, created_at, created_by, deleted_at, deleted_by, modified_at, modified_by, email, locked_at, login_at, name, password, password_changed_at, role, status, username, department_id) VALUES (1, '2022-04-13 10:43:09.640141', 1, null, null, '2022-04-13 10:43:09.700159', 1, 'admin@test.com', null, null, '마스터', '$2a$10$0ATIxnSm9RIMhg7.q5mqWOBp45n48KUFMUzzXqqwGcc9LN/VgCEUa', '2022-04-13 10:43:09.700159', 'MASTER', '사용', 'admin', 1);
INSERT INTO hywtl_has_api.user (id, created_at, created_by, deleted_at, deleted_by, modified_at, modified_by, email, locked_at, login_at, name, password, password_changed_at, role, status, username, department_id) VALUES (2, '2022-04-13 10:43:09.640141', 1, null, null, '2022-04-13 10:43:09.700159', 1, 'user@test.com', null, null, '유저', '$2a$10$0ATIxnSm9RIMhg7.q5mqWOBp45n48KUFMUzzXqqwGcc9LN/VgCEUa', '2022-04-13 10:43:09.700159', 'NORMAL', '사용', 'user', 2);
INSERT INTO hywtl_has_api.user (id, created_at, created_by, deleted_at, deleted_by, modified_at, modified_by, email, locked_at, login_at, name, password, password_changed_at, role, status, username, department_id) VALUES (3, '2022-05-12 12:11:03.767944', 1, null, null, '2022-05-12 12:11:03.767944', 1, 'test@test.com', null, null, 'aas', '$2a$10$Eyzu6ADvAEWwXJYQBfyC6eP/7cdz6Fd4ulhlvyHQdY4lMjuu/nNk2', '2022-05-12 12:11:03.757347', 'ADMIN', '사용 중지', 'test', 2);
INSERT INTO hywtl_has_api.user_invitation (id, created_at, created_by, deleted_at, deleted_by, modified_at, modified_by, email, name, role, department_id) VALUES (1, '2022-04-13 10:42:47.046140', 1, '2022-04-13 10:43:09.705662', null, null, null, 'admin@test.com', 'admin', 'MASTER', 1);
INSERT INTO hywtl_has_api.user_invitation (id, created_at, created_by, deleted_at, deleted_by, modified_at, modified_by, email, name, role, department_id) VALUES (2, '2022-04-13 10:42:47.046140', 1, '2022-04-13 10:43:09.705662', null, null, null, 'user@test.com', 'user', 'NORMAL', 2);
INSERT INTO hywtl_has_api.user_invitation (id, created_at, created_by, deleted_at, deleted_by, modified_at, modified_by, email, name, role, department_id) VALUES (3, '2022-05-12 12:10:42.064628', 1, '2022-05-12 12:11:03.000000', null, '2022-05-12 12:10:42.064628', 1, 'test@test.com', 'test', 'NORMAL', 2);
set FOREIGN_KEY_CHECKS = 1;
